trayectoria,S_T
0,824.082
1,1299.97
2,789.365
3,910.961
4,972.012
5,1039.9
6,1205.55
7,1165.32
8,1358.92
9,1017.66
10,644.409
11,835.773
12,1184.33
13,908.733
14,910.843
15,905.698
16,1075.95
17,1059.18
18,955.152
19,1168.66
20,808.078
21,1448.54
22,1322.67
23,1016.88
24,848.266
25,1664.67
26,1051.86
27,830.27
28,639.807
29,989.947
30,1348.07
31,1327.81
32,829.809
33,1015.21
34,941.884
35,1359.89
36,896.301
37,1028.61
38,967.767
39,1180.27
40,584.32
41,1018.18
42,847.78
43,978.222
44,1002.27
45,852.612
46,1084.68
47,1243.61
48,674.291
49,941.066
50,833.755
51,820.047
52,965.124
53,961.46
54,858.034
55,755.391
56,995.914
57,1352.2
58,721.779
59,994.722
60,1144.77
61,1000.66
62,1600.34
63,1090.78
64,1087.34
65,1039.72
66,894.205
67,1214.09
68,850.32
69,782.012
70,1557.59
71,1243.35
72,1411.98
73,1166.06
74,699.704
75,754.483
76,1062.33
77,1259.73
78,1013.44
79,1002.7
80,1167.78
81,1175.66
82,717.174
83,1545.2
84,1032.97
85,825.523
86,1062.9
87,1308.1
88,1064.23
89,663.524
90,979.743
91,1255.49
92,1291.86
93,945.551
94,1327.13
95,917.555
96,971.043
97,938.591
98,1311.83
99,1248.6
100,770.762
101,946.047
102,903.495
103,1275.38
104,1202.97
105,893.331
106,1334.9
107,1099.97
108,1113.98
109,902.883
110,881.341
111,1103.69
112,1411.15
113,1235.52
114,1077.22
115,809.843
116,982.798
117,1054.83
118,1140.13
119,772.931
120,1449.82
121,931.43
122,1246.68
123,1005.5
124,941.696
125,1260.11
126,1036.53
127,1024.65
128,1248.3
129,1362.91
130,866.581
131,1135.27
132,1081.79
133,1100.31
134,1182.6
135,956.383
136,804.811
137,1011.49
138,1145.69
139,1009.29
140,892.72
141,1075.64
142,1122.64
143,1371.81
144,1205.52
145,963.602
146,1001.95
147,750.049
148,898.505
149,1162.34
150,1149.32
151,1178.91
152,790.146
153,1379.3
154,1237.26
155,1079.77
156,753.472
157,870.085
158,1017.18
159,847.94
160,1025.07
161,1068.96
162,817.556
163,898
164,1001.05
165,1017.31
166,1092.92
167,958.104
168,876.905
169,1070.54
170,1161.42
171,1019.47
172,1346.41
173,1292.14
174,1120.15
175,955.522
176,957.638
177,1105.68
178,806.12
179,1459.13
180,1104.93
181,946.183
182,1223.05
183,877.218
184,1594.4
185,1072.3
186,932.671
187,1222.37
188,1034.97
189,1155.45
190,910.046
191,1091.23
192,926.987
193,1190.66
194,1076.66
195,1207.9
196,947.39
197,1146.68
198,723.604
199,827.141
200,1067.21
201,1217.49
202,1115.73
203,841.675
204,964.469
205,1507.52
206,1174.87
207,1002.84
208,898.361
209,1249.45
210,1170.68
211,1081.54
212,845.849
213,973.261
214,1091.86
215,1219.3
216,1019.13
217,822.865
218,1318.57
219,755.837
220,918.203
221,838.283
222,829.757
223,1052.78
224,946.712
225,1115.04
226,1004.86
227,879.167
228,871.034
229,886.001
230,1170.99
231,1226.61
232,847.031
233,826.62
234,880.813
235,883.091
236,1048.47
237,956.756
238,1105.41
239,1423.37
240,1193.73
241,815.734
242,1085.88
243,998.931
244,1140.75
245,1027.93
246,760.419
247,997.083
248,1006.19
249,859.351
250,1106.28
251,903.487
252,838.558
253,1506.54
254,883.322
255,788.05
256,1324.22
257,1095.57
258,1054.6
259,1579.53
260,1222.49
261,881.993
262,929.695
263,808.127
264,876.389
265,1264.22
266,1115.88
267,1466.2
268,958.17
269,971.793
270,952.858
271,971.419
272,1129.05
273,940.323
274,1153.78
275,995.43
276,1130.9
277,934.005
278,1184.13
279,998.753
280,732.363
281,1208.69
282,661.16
283,707.315
284,1043.74
285,1113.02
286,987.444
287,1260.31
288,980.094
289,1313.38
290,1021.27
291,983.709
292,1186.48
293,977.607
294,1009.19
295,1136.95
296,1039.92
297,1157.2
298,1215.38
299,653.949
300,1021.98
301,986.457
302,881.355
303,1073.41
304,1408.35
305,978.766
306,969.977
307,876.574
308,858.782
309,1280.32
310,1342.23
311,865.078
312,885.11
313,1118.35
314,838.05
315,923.764
316,1044.84
317,846.146
318,824.438
319,1190.08
320,1019.33
321,873.56
322,930.016
323,718.657
324,909.433
325,1255.42
326,928.15
327,1128.28
328,1083.67
329,1087.19
330,949.563
331,883.909
332,1217.89
333,1078.45
334,712.067
335,1067.17
336,1066.39
337,891.908
338,1270.89
339,1136.72
340,1116.48
341,1119.39
342,777.218
343,1093.89
344,808.635
345,992.775
346,1097.99
347,573.696
348,900.38
349,1565.09
350,1136.02
351,1178.2
352,1005.68
353,830.727
354,1244.37
355,1004.74
356,1170.81
357,963.288
358,1049.96
359,727.826
360,1582.35
361,810.831
362,1015.69
363,1289.52
364,1148.11
365,1070.12
366,1277.82
367,1192.34
368,1065.2
369,766.627
370,1012.62
371,1736.67
372,1078.6
373,964.744
374,931.491
375,979.087
376,753.375
377,1217.99
378,1275.94
379,789.619
380,1109.42
381,991.812
382,1112.01
383,959.428
384,682.408
385,948.577
386,1105.18
387,1027.22
388,826.219
389,924.347
390,996.266
391,1105.11
392,1265.02
393,861.448
394,763.848
395,1292.53
396,975.841
397,1348.41
398,1104.11
399,931.348
400,1091.74
401,1187.81
402,962.732
403,854.025
404,1039.16
405,1293.8
406,1270.25
407,1170.19
408,767.809
409,809.297
410,833.261
411,895.719
412,1194.66
413,1491.26
414,817.112
415,1202.03
416,1211.6
417,1136.65
418,1148.61
419,1267.16
420,1131.74
421,1530.23
422,827.866
423,942.977
424,1043.43
425,931.539
426,1172.01
427,1260.87
428,1158.62
429,850.147
430,1547.35
431,856.896
432,1289.59
433,1215.37
434,1085.78
435,901.508
436,801.802
437,1088.95
438,839.557
439,1091.28
440,1260.87
441,1291.67
442,1185.05
443,947.085
444,1051.68
445,917.035
446,1028.95
447,803.383
448,1055.1
449,1233.65
450,876.775
451,1168.47
452,1081.7
453,945.638
454,1020.3
455,1397.45
456,1268.02
457,819.375
458,1298.71
459,990.088
460,1040.5
461,1190.48
462,1090.35
463,991.761
464,1089.29
465,1047.03
466,1065.05
467,1555.82
468,977.754
469,1085.07
470,1194.22
471,906.813
472,918.577
473,992.345
474,1035.61
475,910.841
476,966.806
477,802.921
478,866.739
479,1442.88
480,1456.6
481,780.432
482,1327.39
483,1044.39
484,1183.71
485,982.9
486,1118.37
487,1038.52
488,1359.58
489,1051.9
490,1144.57
491,1790.26
492,1175.39
493,982.358
494,1164.8
495,1344.61
496,1246.31
497,1101.19
498,962.93
499,1132.62
500,1298.79
501,1551.79
502,1207.19
503,824.803
504,1233.26
505,841.696
506,935.762
507,1013.66
508,1394.71
509,960.898
510,931.893
511,790.752
512,976.315
513,1008.14
514,802.799
515,1741.37
516,835.724
517,1296.59
518,1395.04
519,994.889
520,949.17
521,769.223
522,959.481
523,1011.28
524,681.056
525,922.455
526,1364.13
527,629.928
528,1532.31
529,1257.22
530,1174.64
531,1193.92
532,969.842
533,1309.12
534,1446.63
535,1161.74
536,1123.3
537,1261.4
538,1119.48
539,1178.19
540,1036.82
541,819.849
542,1042.56
543,1106.61
544,921.139
545,677.674
546,859.362
547,1096.43
548,1093.09
549,1034.61
550,1002.91
551,1210.74
552,1282.42
553,1359.01
554,1316.79
555,872.241
556,1063.16
557,1016.26
558,1011.2
559,1176.96
560,1075.32
561,1448.27
562,1118.45
563,758.818
564,1264.8
565,1273.24
566,822.328
567,1041.55
568,1059.33
569,1192.31
570,1411.54
571,882.972
572,833.702
573,1012.43
574,1169.22
575,788.47
576,1003.92
577,829.606
578,1157.57
579,1460.43
580,901.442
581,915.467
582,1019.1
583,1056.4
584,1005.4
585,868.157
586,1336.6
587,1078.64
588,1085.64
589,944.039
590,1108.76
591,999.749
592,834.074
593,974.484
594,1017.81
595,1188.03
596,1455.61
597,1444.1
598,1071.34
599,830.239
600,1240.54
601,1231.77
602,1221.26
603,1075.09
604,1303.14
605,952.245
606,762.215
607,1016.77
608,1305.32
609,1356.08
610,924
611,1125.07
612,1144.34
613,947.171
614,892.231
615,1072.52
616,993.404
617,1124.35
618,972.148
619,990.095
620,890.866
621,788.046
622,1281.24
623,1167.51
624,1259.87
625,941.956
626,903.436
627,984.008
628,904.248
629,793.161
630,1225.52
631,1025.31
632,1406.07
633,1112.62
634,1023.91
635,710.62
636,852.865
637,1115.4
638,1050.99
639,1060.88
640,1040.52
641,761.244
642,1196.29
643,937.635
644,783.962
645,893.267
646,1299.76
647,961.349
648,849.123
649,1318.91
650,1041.11
651,1341.84
652,1300.76
653,1361.7
654,945.158
655,1140.31
656,834.111
657,1232.4
658,777.888
659,1461.6
660,1330.2
661,1321.62
662,1110.01
663,1176.09
664,1179.83
665,1855.52
666,1055.92
667,745.107
668,1196.48
669,1277.91
670,841.746
671,1027.78
672,1096.63
673,1064.27
674,871.658
675,1319.22
676,604.849
677,1133.17
678,1414.67
679,1154.54
680,995.421
681,933.593
682,775.215
683,934.13
684,1136.09
685,1029.52
686,938.683
687,825.429
688,764.879
689,1130.82
690,1032.46
691,1307.42
692,1234.26
693,972.504
694,1305.86
695,1763.93
696,1295.77
697,842.61
698,1600.97
699,1114.9
700,838.3
701,739.469
702,760.168
703,1042.14
704,698.669
705,1180.33
706,1083.29
707,880.104
708,1180.86
709,917.039
710,1118.81
711,989.904
712,978.332
713,880.593
714,1083.95
715,1190.43
716,1011.5
717,1254.74
718,730.23
719,1294.6
720,1046.04
721,1153.38
722,1390.57
723,1343.56
724,731.878
725,1273.24
726,848.055
727,787.117
728,729.912
729,1082.72
730,1024.58
731,1153.26
732,1135.15
733,1018.37
734,1150.16
735,696.682
736,1563.34
737,1068.34
738,860.87
739,896.148
740,716.035
741,917.139
742,1289.87
743,1485.48
744,900.236
745,1071.08
746,1274.99
747,817.475
748,653.421
749,1199.4
750,1030.16
751,1345.11
752,852.33
753,1082.13
754,1164.87
755,1137.76
756,1145.41
757,798.47
758,794.596
759,1088.72
760,1452.09
761,1031.76
762,966.149
763,780.448
764,1125.3
765,783.741
766,790.007
767,894.261
768,1440.12
769,748.063
770,1095.46
771,863.153
772,886.88
773,775.629
774,1260.79
775,1058.39
776,1261.09
777,761.694
778,873.34
779,1022.47
780,880.244
781,1001.62
782,1073.9
783,1093.33
784,1085.63
785,869.858
786,1039.7
787,1398.85
788,1013.5
789,852.128
790,1156.79
791,1275.85
792,1450.86
793,838.402
794,883.802
795,1024.54
796,1217.99
797,692.288
798,773.721
799,706.375
800,816.457
801,683.964
802,697.162
803,1067.97
804,1419.76
805,979.585
806,924.116
807,1200.15
808,937.806
809,1029.3
810,1356.53
811,925.693
812,1233.63
813,934.541
814,1176.13
815,983.345
816,1044.38
817,998.701
818,928.246
819,559.945
820,1394.58
821,929.549
822,1035.88
823,886.021
824,817.763
825,992.401
826,914.955
827,1118.23
828,1095.71
829,951.658
830,1104.23
831,1205.56
832,1143.34
833,1055.71
834,858.143
835,1075.84
836,1243.06
837,904.921
838,1391.75
839,1520.52
840,1202.28
841,1112.17
842,1032.16
843,832.091
844,972.407
845,1026.7
846,1026.38
847,1068.43
848,952.577
849,1576.17
850,1133.71
851,878.326
852,1178.81
853,1325.46
854,833.453
855,965.655
856,1182.51
857,791.652
858,767.95
859,704.588
860,956.849
861,751.874
862,956.248
863,1319.38
864,1013.47
865,1038.69
866,1199.37
867,1076.9
868,1553.11
869,1124.39
870,878
871,952.931
872,1323.33
873,1042.58
874,1106.74
875,1118.72
876,988.524
877,1062.35
878,669.974
879,1183.65
880,1098.36
881,1205.91
882,1103.53
883,1066.32
884,815.384
885,985.201
886,665.084
887,1016.33
888,1258.37
889,1022.62
890,1174.32
891,784.783
892,1092.7
893,950.835
894,1131.89
895,1237
896,902.384
897,687.509
898,1361.54
899,942.106
900,1243.58
901,847.088
902,1008.61
903,811.785
904,992.953
905,1432.48
906,1344.34
907,1149.58
908,801.068
909,741.962
910,1146.21
911,883.742
912,1046.72
913,763.015
914,863.445
915,1102.3
916,853.688
917,917.946
918,1035.87
919,979.982
920,923.093
921,1037.09
922,1101.71
923,1496.51
924,1192.91
925,1057.7
926,753.678
927,956.126
928,1314.66
929,738.552
930,911.519
931,819.696
932,1096.7
933,1093.51
934,1348.66
935,1044.55
936,949.333
937,748.19
938,985.822
939,1026.97
940,1353.02
941,1388.81
942,1227.38
943,1642.73
944,1114.25
945,929.884
946,692.718
947,1101.76
948,876.016
949,1755.02
950,1082.8
951,770.095
952,1152.65
953,1190.33
954,1018.89
955,1319.74
956,887.588
957,1621.07
958,1092.61
959,1068.46
960,1002.86
961,1369.27
962,956.242
963,868.223
964,1090.22
965,1223.88
966,855.085
967,1391.84
968,1204.44
969,1289.59
970,1097.72
971,775.929
972,1087.49
973,1138.22
974,1046.08
975,1035.83
976,757.984
977,1106.84
978,1103.38
979,1089.7
980,2180.96
981,846.409
982,790.477
983,1014.98
984,1019.99
985,1151.86
986,929.559
987,958.318
988,775.87
989,924.413
990,1264.88
991,808.966
992,1004.12
993,1085.51
994,1067.93
995,961.871
996,1100.67
997,1210.16
998,1164.56
999,1054.71
1000,998.846
1001,1627.57
1002,1750.61
1003,1161.81
1004,895.556
1005,1461.25
1006,928.407
1007,899.257
1008,959.527
1009,1094.68
1010,950.185
1011,868.827
1012,1153.65
1013,1219.84
1014,1104.53
1015,1400.61
1016,663.719
1017,830.25
1018,1022.38
1019,767.049
1020,879.167
1021,717.547
1022,1217.99
1023,877.369
1024,732.496
1025,872.385
1026,1601.11
1027,1307.51
1028,918.803
1029,810.025
1030,862.176
1031,1388.24
1032,974.357
1033,1299.66
1034,1127.19
1035,872.83
1036,744.41
1037,867.684
1038,1169.24
1039,1136.93
1040,1023.59
1041,1011.39
1042,1453.06
1043,1628.39
1044,932.198
1045,1003.42
1046,995.961
1047,1625.57
1048,1494.41
1049,778.824
1050,834.709
1051,809.785
1052,965.042
1053,1058.57
1054,1300.29
1055,913.649
1056,656.333
1057,1606.21
1058,810.976
1059,1180.01
1060,1098.4
1061,888.159
1062,1466.01
1063,1107.82
1064,1133.59
1065,1016.17
1066,1408.91
1067,1503.5
1068,1171.89
1069,960.453
1070,908.113
1071,1121.91
1072,891.506
1073,1040.33
1074,767.247
1075,992.8
1076,1082.96
1077,918.283
1078,1001.51
1079,839.345
1080,1326.72
1081,956.46
1082,1446.68
1083,1007.44
1084,737.117
1085,1083.52
1086,990.155
1087,835.47
1088,1099.16
1089,1064.82
1090,1051.22
1091,1248.61
1092,1082.86
1093,1164.34
1094,861.889
1095,854.956
1096,827.804
1097,695.258
1098,886.402
1099,901.544
1100,933.074
1101,883.746
1102,1564.66
1103,1373.92
1104,1135.52
1105,982.308
1106,982.66
1107,792.087
1108,839.405
1109,1022.92
1110,1012.52
1111,1324.88
1112,1234.97
1113,1271
1114,997.568
1115,813.612
1116,945.096
1117,730.613
1118,935.356
1119,1154.9
1120,1062.8
1121,1461.82
1122,873.554
1123,1365.56
1124,925.221
1125,1531.52
1126,962.024
1127,803.927
1128,983.423
1129,1054.35
1130,1125.34
1131,1177.29
1132,1233.26
1133,1092.33
1134,807.353
1135,1326.28
1136,689.129
1137,967.557
1138,798.686
1139,1305.04
1140,1141.18
1141,1041.67
1142,799.192
1143,828.5
1144,789.841
1145,930.749
1146,929.91
1147,1092.39
1148,948.2
1149,635.869
1150,1065.6
1151,1297.17
1152,1206.1
1153,991.723
1154,893.899
1155,1154.16
1156,1144.86
1157,1093.08
1158,1040.07
1159,821.595
1160,715.138
1161,1378.02
1162,880.981
1163,1029.3
1164,1193.36
1165,1289.17
1166,966.478
1167,1277.67
1168,1035.11
1169,1236.76
1170,1027.75
1171,755.833
1172,757.658
1173,951.966
1174,994.249
1175,1416.62
1176,1014.79
1177,1133.67
1178,999.82
1179,937.585
1180,1287.6
1181,1235.24
1182,1135.63
1183,1294.71
1184,1191.89
1185,916.998
1186,851.554
1187,849.729
1188,1003.69
1189,854.429
1190,1118.17
1191,957.517
1192,913.853
1193,1011.87
1194,1180.82
1195,780.679
1196,1059.24
1197,1054.33
1198,1225.01
1199,810.641
1200,1080.45
1201,1062
1202,882.464
1203,956.836
1204,1025.06
1205,1514.51
1206,941.72
1207,888.437
1208,828.954
1209,1189.71
1210,1334.46
1211,1258.34
1212,982.573
1213,1206.15
1214,907.438
1215,720.329
1216,1050.66
1217,805.556
1218,943.347
1219,1147.43
1220,1212.97
1221,944.276
1222,931.803
1223,925.282
1224,867.96
1225,734.011
1226,837.772
1227,1227.12
1228,835.023
1229,643.103
1230,843.759
1231,1023.04
1232,977.805
1233,1035.32
1234,920.99
1235,659.014
1236,1055.95
1237,952.992
1238,1241.33
1239,617.224
1240,1272.63
1241,1043.43
1242,1545.11
1243,1265.82
1244,939.581
1245,855.157
1246,824.619
1247,1209.87
1248,992.055
1249,1126.52
1250,1536.7
1251,676.246
1252,1144
1253,1015.46
1254,773.466
1255,733.956
1256,1378.87
1257,1243.43
1258,981.788
1259,1249.76
1260,705.391
1261,801.543
1262,1154.49
1263,848.964
1264,1319.96
1265,1196.93
1266,991.306
1267,944.233
1268,971.006
1269,727.043
1270,1059.46
1271,1150.33
1272,644.83
1273,1278.41
1274,1215.88
1275,980.997
1276,1308.91
1277,886.824
1278,861.508
1279,919.17
1280,781.562
1281,1048.85
1282,1101.34
1283,1148.04
1284,805.485
1285,1056.34
1286,780.329
1287,1008.45
1288,1037.46
1289,1231.21
1290,1011.8
1291,934.142
1292,827.89
1293,690.392
1294,1145.74
1295,1039.18
1296,982.423
1297,1074.18
1298,1201.86
1299,958.859
1300,1486.09
1301,1012.27
1302,1245.8
1303,1487.29
1304,1480.33
1305,871.644
1306,981.798
1307,1056.84
1308,1060.95
1309,907.069
1310,818.717
1311,1337.19
1312,1310.29
1313,1292.16
1314,647.698
1315,886.803
1316,1442.2
1317,1533.59
1318,1129.55
1319,861.152
1320,1109.38
1321,809.322
1322,1232.8
1323,1114.46
1324,955.219
1325,936.352
1326,1127.93
1327,1209.97
1328,1109.76
1329,1308.6
1330,1221.03
1331,983.492
1332,1087.79
1333,925.778
1334,1079.89
1335,769.763
1336,1213.76
1337,1098.39
1338,1279.81
1339,1174.65
1340,982.956
1341,920.891
1342,1355.78
1343,1120.29
1344,811.808
1345,1074.43
1346,1197.06
1347,1058.23
1348,804.014
1349,984.074
1350,1089.38
1351,931.836
1352,894.906
1353,1121.96
1354,1170.69
1355,1038.12
1356,1049.9
1357,804.294
1358,1349.33
1359,806.573
1360,1185.01
1361,1006.02
1362,972.772
1363,1094.68
1364,1242.04
1365,799.463
1366,842.681
1367,1007.56
1368,1009.55
1369,1417.02
1370,882.772
1371,1126.67
1372,1061.13
1373,1059.26
1374,1096.42
1375,843.357
1376,1163.82
1377,1242.78
1378,1266.12
1379,1191.03
1380,806.812
1381,1357.36
1382,851.278
1383,1332.81
1384,917.925
1385,1144.69
1386,955.207
1387,979.496
1388,1360.23
1389,954.056
1390,1088.45
1391,1052.88
1392,1528.94
1393,951.442
1394,1060.14
1395,879.445
1396,888.039
1397,984.291
1398,1267.59
1399,986.718
1400,995.672
1401,1241.91
1402,969.134
1403,1525.7
1404,1131.89
1405,752.949
1406,1259.58
1407,1128.78
1408,1055.3
1409,1040.81
1410,1335
1411,798.382
1412,1232.71
1413,833.036
1414,940.035
1415,700.699
1416,1110.45
1417,1561.83
1418,868.703
1419,1168.04
1420,744.554
1421,1480.25
1422,1148.62
1423,1142.96
1424,1714.7
1425,955.046
1426,1032.57
1427,864.072
1428,1025.33
1429,635.227
1430,1055.62
1431,573.303
1432,825.626
1433,1156.34
1434,1297.09
1435,1024.04
1436,917.345
1437,911.513
1438,1354.66
1439,738.163
1440,1055.38
1441,1110.29
1442,1261.5
1443,554.834
1444,1212.94
1445,907.305
1446,1094.47
1447,1358.43
1448,879.382
1449,920.013
1450,1252.69
1451,1337.17
1452,1250.8
1453,1586.47
1454,867.123
1455,1330.92
1456,864.951
1457,1009.35
1458,846.29
1459,811.52
1460,1244.61
1461,1030.9
1462,924.499
1463,1191.46
1464,851.01
1465,987.465
1466,1167.18
1467,914.873
1468,722.815
1469,872.229
1470,745.923
1471,1236.02
1472,1164.53
1473,1335.54
1474,1018.64
1475,1210.08
1476,1385.68
1477,1036.55
1478,1303.75
1479,908.041
1480,1075.45
1481,536.707
1482,798.531
1483,954.621
1484,917.749
1485,888.987
1486,1573.12
1487,753.311
1488,1226.53
1489,951.29
1490,904.859
1491,1151.91
1492,1315.59
1493,1087.12
1494,950.614
1495,1206.98
1496,1102.23
1497,1421.15
1498,1004.31
1499,838.989
1500,891.074
1501,965.678
1502,1109.51
1503,1168.99
1504,1135.09
1505,1048.83
1506,1172.84
1507,1208.2
1508,857.699
1509,1072.97
1510,1299.52
1511,1209.83
1512,866.535
1513,1051.95
1514,1242.78
1515,833.639
1516,666.579
1517,1205.75
1518,780.953
1519,865.975
1520,1045.9
1521,1111.72
1522,865.526
1523,681.212
1524,1351.79
1525,1157.38
1526,986.933
1527,1218.7
1528,1153.61
1529,913.762
1530,867.573
1531,1012.44
1532,1120.79
1533,1044.16
1534,948.381
1535,1054.09
1536,943.891
1537,895.189
1538,956.579
1539,1339.06
1540,1042.84
1541,1142.59
1542,964.057
1543,1432.39
1544,821.971
1545,657.908
1546,737.092
1547,898.18
1548,997.397
1549,756.212
1550,788.868
1551,923.766
1552,971.219
1553,1002.67
1554,1403.98
1555,1196.77
1556,1330.14
1557,1367.19
1558,1329.15
1559,1467.33
1560,986.466
1561,1122.49
1562,1024.7
1563,910.151
1564,671.186
1565,1070.91
1566,769.661
1567,1408.08
1568,1214.73
1569,1225.09
1570,937.45
1571,1193.63
1572,1422.16
1573,1069.7
1574,1125.6
1575,1019.09
1576,1470.25
1577,1304.27
1578,776.814
1579,1181.47
1580,925.105
1581,1475.12
1582,781.023
1583,1143.6
1584,989.339
1585,1213.91
1586,823.396
1587,809.257
1588,958.035
1589,597.789
1590,1195.38
1591,1301.89
1592,962.522
1593,1090.36
1594,1024.46
1595,830.704
1596,1160.78
1597,1703.58
1598,1070.79
1599,845.355
1600,977.976
1601,994.596
1602,1157.96
1603,1027.14
1604,1036.99
1605,790.63
1606,1321.95
1607,829.032
1608,1204.34
1609,1123.04
1610,828.444
1611,970.08
1612,850.651
1613,1144.54
1614,974.275
1615,902.106
1616,1524.99
1617,1100.75
1618,741.836
1619,1048.6
1620,1215.94
1621,1063.01
1622,932.738
1623,1010.98
1624,1140.9
1625,1228.98
1626,753.171
1627,1020
1628,818.302
1629,924.155
1630,983.445
1631,1135.76
1632,1082.54
1633,1395.79
1634,909.255
1635,1592.73
1636,836.369
1637,1353.11
1638,947.268
1639,1449.54
1640,844.619
1641,1142.93
1642,1473.44
1643,1532.68
1644,1037.79
1645,1047.54
1646,961.192
1647,825.742
1648,1055.06
1649,860.075
1650,1382.91
1651,974.591
1652,752.829
1653,595.764
1654,1592.27
1655,1048.22
1656,1170.47
1657,1938.2
1658,977.896
1659,1014.05
1660,957.722
1661,1018.55
1662,1307.8
1663,873.09
1664,1317.37
1665,874.425
1666,1222.68
1667,1273.32
1668,1010.72
1669,1109.49
1670,1236.3
1671,876.271
1672,1421.37
1673,1587.91
1674,1196.25
1675,1088.75
1676,1096.98
1677,883.955
1678,931.564
1679,989.821
1680,992.359
1681,1130.7
1682,1160.79
1683,962.766
1684,1294.9
1685,1216.75
1686,1727.88
1687,724.38
1688,1194.15
1689,950.99
1690,1308.19
1691,741.722
1692,1197.06
1693,1535.99
1694,1083.27
1695,1036.62
1696,995.041
1697,1000.33
1698,1035.67
1699,809.096
1700,889.428
1701,954.169
1702,978.477
1703,897.709
1704,1274.41
1705,874.076
1706,1282.28
1707,1258.78
1708,884.707
1709,1265.88
1710,788.554
1711,1142.98
1712,913.785
1713,933.476
1714,730.051
1715,956.728
1716,1452.86
1717,1087.08
1718,1119.59
1719,1250.04
1720,1137.69
1721,835.483
1722,952.725
1723,982.021
1724,1223.1
1725,1152.72
1726,838.165
1727,1101.55
1728,1300.57
1729,899.762
1730,1234.29
1731,1090.66
1732,1200.11
1733,1107.45
1734,819.63
1735,1036.7
1736,912.787
1737,878.031
1738,1227.08
1739,1340
1740,992.326
1741,699.254
1742,944.783
1743,1041.94
1744,1008.95
1745,725.007
1746,1025.2
1747,1173.5
1748,1237.03
1749,1078.16
1750,743.354
1751,850.101
1752,1110.72
1753,791.181
1754,910.64
1755,1088.51
1756,1087.63
1757,863.026
1758,877.987
1759,917.509
1760,1038.19
1761,1253.01
1762,661.847
1763,864.367
1764,1361.14
1765,1032.76
1766,1250.04
1767,1258.2
1768,1159.67
1769,1435.83
1770,838.145
1771,1130.72
1772,1109.51
1773,1101.28
1774,768.722
1775,1060.09
1776,1196.55
1777,1094.11
1778,957.436
1779,1314.18
1780,800.452
1781,1088.16
1782,1339.27
1783,953.121
1784,1039.47
1785,763.797
1786,831.094
1787,977.56
1788,702.092
1789,808.57
1790,1093.39
1791,1014.19
1792,838.901
1793,1199.76
1794,1212.7
1795,1067.65
1796,1236.1
1797,1053.89
1798,910.859
1799,1185.13
1800,1072.08
1801,1031.73
1802,1181.92
1803,1035.08
1804,937.345
1805,1264.68
1806,1111.82
1807,1005.26
1808,1038.15
1809,933.352
1810,1232.17
1811,1028.89
1812,854.629
1813,578.169
1814,1019.75
1815,1168.64
1816,878.176
1817,1425.35
1818,1084.03
1819,612.029
1820,1168.09
1821,1036.91
1822,1072.25
1823,1040.08
1824,1177.66
1825,1471.94
1826,846.021
1827,1093.28
1828,878.322
1829,829.545
1830,770.514
1831,956.492
1832,1634.44
1833,896.001
1834,1253.45
1835,1217.15
1836,1209.56
1837,799.245
1838,1214.81
1839,913.484
1840,947.641
1841,815.439
1842,1054.81
1843,1234.97
1844,1036.7
1845,1142.8
1846,1024.23
1847,1043.21
1848,770.596
1849,915.646
1850,732.128
1851,1036.38
1852,1392.11
1853,1142.89
1854,1227.64
1855,1123.23
1856,1120.23
1857,1251.64
1858,719.496
1859,1334.23
1860,1170.97
1861,740.942
1862,1209.29
1863,1098.56
1864,1253.72
1865,855.529
1866,867.842
1867,900.28
1868,1033.51
1869,871.19
1870,998.161
1871,819.689
1872,702.581
1873,988.616
1874,1028.84
1875,1234.02
1876,1500.67
1877,954.461
1878,971.72
1879,1244.23
1880,887.945
1881,992.243
1882,953.242
1883,1416.16
1884,958.516
1885,975.033
1886,1117.23
1887,926.115
1888,1002.45
1889,1113
1890,1136.15
1891,1254.1
1892,1123.78
1893,935.463
1894,1217.49
1895,789.701
1896,794.8
1897,937.861
1898,1193.69
1899,947.982
1900,1059.64
1901,757.844
1902,1227
1903,604.662
1904,899.616
1905,984.922
1906,594.675
1907,1298.64
1908,1612.15
1909,1110.34
1910,762.901
1911,838.072
1912,703.887
1913,932.767
1914,1300.88
1915,978.805
1916,1131.55
1917,952.82
1918,1032.13
1919,1100.22
1920,870.459
1921,1127.89
1922,963.779
1923,1049.88
1924,920.672
1925,919.461
1926,896.711
1927,968.489
1928,846.315
1929,1316
1930,1136.91
1931,1377.57
1932,960.289
1933,1093.5
1934,956.411
1935,822.259
1936,952.379
1937,1273.89
1938,1099.6
1939,778.107
1940,999.429
1941,1679.74
1942,1173.91
1943,668.544
1944,930.863
1945,922.414
1946,1119.18
1947,1447.23
1948,1156.65
1949,848.824
1950,1315.14
1951,1000.39
1952,1046.09
1953,840.795
1954,1061.35
1955,907.545
1956,1142.74
1957,1105.59
1958,963.074
1959,961.33
1960,989.912
1961,863.083
1962,1359.05
1963,951.442
1964,1042.69
1965,910.77
1966,817.94
1967,1154.01
1968,796.804
1969,775.817
1970,1078.84
1971,612.299
1972,1242.87
1973,846.358
1974,1036.9
1975,1052.73
1976,746.738
1977,870.978
1978,1734.39
1979,702.136
1980,709.779
1981,781.383
1982,1154.54
1983,870.19
1984,1089.92
1985,1031.54
1986,1487.21
1987,1621.34
1988,1146.54
1989,1271.85
1990,1008.69
1991,999.905
1992,819.259
1993,1004.73
1994,1303.07
1995,1478.09
1996,843.87
1997,937.104
1998,1188.99
1999,1455.25
2000,1218.72
2001,1175.51
2002,1096.55
2003,871.29
2004,1249.65
2005,1119.02
2006,1180.77
2007,1018.18
2008,1019.07
2009,1018.92
2010,849.616
2011,1212.42
2012,989.048
2013,868.922
2014,879.932
2015,941.982
2016,1445.95
2017,1004.54
2018,1179.06
2019,1175.12
2020,700.341
2021,1018.54
2022,956.057
2023,1168.74
2024,1484.38
2025,898.68
2026,778.398
2027,1031.66
2028,835.361
2029,658.342
2030,1291.05
2031,989.767
2032,1174.99
2033,1315.75
2034,910.898
2035,1037.14
2036,863.791
2037,1018.8
2038,1027.24
2039,969.757
2040,887.41
2041,632.16
2042,854.523
2043,1115.81
2044,809.078
2045,1193.2
2046,752.221
2047,1024.1
2048,1356.79
2049,1199.22
2050,1147.94
2051,1118.66
2052,1032.56
2053,919.49
2054,1130.33
2055,802.235
2056,982.189
2057,972.287
2058,1006.59
2059,1045.09
2060,967.685
2061,1010.41
2062,895.256
2063,679.389
2064,1337.28
2065,712.11
2066,861.168
2067,1242.1
2068,850.4
2069,1089.82
2070,1087.99
2071,1114.18
2072,1127.64
2073,928.425
2074,789.073
2075,600.255
2076,1113.31
2077,1175.3
2078,887.025
2079,1314.4
2080,897.467
2081,1108.23
2082,915.182
2083,1014.96
2084,961.697
2085,1061.42
2086,1165.28
2087,892.658
2088,1308.39
2089,1114.15
2090,850.194
2091,1005.58
2092,941.944
2093,1417.11
2094,1296.18
2095,1056.3
2096,1084.64
2097,1124.85
2098,1235.11
2099,788.401
2100,981.266
2101,1125.07
2102,1100.66
2103,993.303
2104,1175.77
2105,832.54
2106,1048.23
2107,1641.72
2108,922.645
2109,896.753
2110,1170
2111,906.535
2112,1068.77
2113,1067.93
2114,1314.48
2115,1555.22
2116,1157.34
2117,1041.83
2118,796.77
2119,958.372
2120,1134.56
2121,921.738
2122,1060.69
2123,1088
2124,1068.01
2125,878.739
2126,937.973
2127,1383.39
2128,1272.83
2129,901.401
2130,966.999
2131,1249.66
2132,1031.48
2133,1158.32
2134,888.193
2135,1340.4
2136,1483.02
2137,1099.23
2138,769.709
2139,1012.38
2140,837.229
2141,1054.93
2142,1130.07
2143,1171.11
2144,821.084
2145,1082.35
2146,1019.19
2147,1042.1
2148,1039.18
2149,1023.64
2150,1719.95
2151,1210.57
2152,982.101
2153,637.276
2154,803.808
2155,1085.49
2156,719.142
2157,1239.07
2158,1035.4
2159,1247.3
2160,801.035
2161,725.168
2162,1453.94
2163,953.795
2164,778.801
2165,819.44
2166,878.834
2167,1015.72
2168,872.959
2169,1170.48
2170,1083.94
2171,638.509
2172,954.442
2173,693.966
2174,892.155
2175,792.763
2176,1016.78
2177,1067.67
2178,1163.22
2179,1157.35
2180,961.437
2181,1102.15
2182,1019.81
2183,901.902
2184,906.866
2185,1213.28
2186,932.596
2187,1051.1
2188,846.302
2189,1087.14
2190,1214.03
2191,1074.1
2192,1224.22
2193,905.396
2194,1256.33
2195,1125.92
2196,901.109
2197,920.337
2198,998.006
2199,694.475
2200,910.368
2201,1096.97
2202,808.699
2203,1092.96
2204,1188.21
2205,1239.01
2206,1144.62
2207,1089.83
2208,797.797
2209,1071.85
2210,1119.41
2211,1276.24
2212,865.175
2213,837.731
2214,1023.3
2215,758.203
2216,748.269
2217,621.114
2218,856.017
2219,1100.74
2220,1082.15
2221,1105.07
2222,1782.39
2223,916.227
2224,1199.12
2225,709.575
2226,1116.76
2227,1090.05
2228,1358.07
2229,1025.58
2230,801.621
2231,847.355
2232,971.414
2233,879.598
2234,1060.09
2235,1362.24
2236,1257.55
2237,734.143
2238,1033.07
2239,880.278
2240,1483.7
2241,1470.37
2242,891.045
2243,908.149
2244,1381.32
2245,843.793
2246,835.368
2247,1272.03
2248,849.219
2249,1316.95
2250,989.119
2251,1424.67
2252,1110.12
2253,910.387
2254,720.334
2255,1259.38
2256,931.438
2257,895.078
2258,960.985
2259,1177.91
2260,995.739
2261,1093.41
2262,749.751
2263,969.017
2264,738.927
2265,1004.31
2266,880.824
2267,829.033
2268,932.201
2269,1462.73
2270,1282.47
2271,1266.79
2272,1232.11
2273,924.033
2274,1074.13
2275,1447.74
2276,1134.4
2277,1303.76
2278,892.08
2279,1250.48
2280,1103.36
2281,1066.97
2282,1026.32
2283,855.615
2284,1459.23
2285,1135.13
2286,896.278
2287,1081.98
2288,904.291
2289,1023.67
2290,1062.1
2291,1076.53
2292,901.271
2293,1205.28
2294,821.081
2295,1059.91
2296,1261.01
2297,1041.45
2298,1539.49
2299,854.997
2300,1096.78
2301,1587.59
2302,852.959
2303,1101.13
2304,989.611
2305,937.391
2306,833.733
2307,1174.94
2308,1103.58
2309,1270.98
2310,1110.84
2311,1273.11
2312,927.034
2313,626.637
2314,1656.73
2315,1040.53
2316,693.476
2317,1125.96
2318,932.063
2319,932.068
2320,1063.3
2321,766.02
2322,759.467
2323,1023.2
2324,1395.59
2325,1223.01
2326,1110.82
2327,1368.06
2328,1288.09
2329,689.36
2330,757.324
2331,822.369
2332,979.796
2333,868.991
2334,879.502
2335,1197.48
2336,754.988
2337,717.31
2338,1105.55
2339,1015.64
2340,840.386
2341,865.746
2342,1060.93
2343,1047.99
2344,900.594
2345,1119.33
2346,960.349
2347,1231.19
2348,962.415
2349,789.521
2350,871.361
2351,858.586
2352,1232.01
2353,880.927
2354,984.885
2355,934.342
2356,952.662
2357,763.763
2358,1099.69
2359,1078.42
2360,1256.79
2361,970.137
2362,1244.49
2363,1400.23
2364,1010.37
2365,1008.07
2366,1241.43
2367,936.746
2368,976.602
2369,765.606
2370,1725.79
2371,1108.75
2372,1171.08
2373,1083.56
2374,1454.32
2375,1051.22
2376,938.906
2377,1154.84
2378,1489.69
2379,1218.24
2380,772.97
2381,1065
2382,1092.72
2383,935.134
2384,931.29
2385,930.881
2386,851.959
2387,1484.81
2388,697.612
2389,1247.43
2390,934.933
2391,1182.38
2392,956.868
2393,959.245
2394,873.605
2395,1242.42
2396,1240.58
2397,1461.12
2398,1209
2399,1286.6
2400,993.724
2401,846.76
2402,881.609
2403,863.828
2404,962.483
2405,750.202
2406,969.556
2407,1366.42
2408,1436.25
2409,887.656
2410,984.945
2411,886.263
2412,826.475
2413,1114.41
2414,936.624
2415,812.872
2416,1227.56
2417,887.015
2418,984.858
2419,1262.76
2420,1239.72
2421,1073.9
2422,1236.06
2423,841.886
2424,1071.76
2425,960.742
2426,784.68
2427,1052.05
2428,1153.39
2429,1135.51
2430,1243.86
2431,949.592
2432,1042.92
2433,987.142
2434,1290.98
2435,985.074
2436,1052.16
2437,971.377
2438,1201.48
2439,1078.56
2440,974.599
2441,1019.49
2442,930.728
2443,798.105
2444,928.098
2445,908.521
2446,1073.8
2447,945.497
2448,1067.2
2449,1379.58
2450,693.193
2451,1088.61
2452,1023.26
2453,814.364
2454,1017.01
2455,708.727
2456,1024.53
2457,1009.33
2458,1553.93
2459,1355.39
2460,1027.64
2461,998.255
2462,1310.5
2463,838.073
2464,1135.97
2465,1126.85
2466,992.722
2467,1083.93
2468,1260.99
2469,971.349
2470,1200.24
2471,866.912
2472,780.059
2473,869.934
2474,835.253
2475,1504.72
2476,1375.78
2477,1151.4
2478,854.363
2479,1111.17
2480,1123.94
2481,1100.94
2482,954.529
2483,658.714
2484,719.724
2485,1107.63
2486,1192
2487,1256.57
2488,1449.48
2489,926.95
2490,814.191
2491,1022.58
2492,1023.12
2493,1356.51
2494,961.841
2495,986.065
2496,991.143
2497,846.49
2498,967.266
2499,1179.99
2500,843.711
2501,1371
2502,1067.1
2503,982.198
2504,1089.02
2505,1239.85
2506,1564.23
2507,1035.89
2508,1046.39
2509,879.289
2510,1032.23
2511,1423.52
2512,1004.66
2513,694.262
2514,1335.41
2515,1194.12
2516,1172.61
2517,982.379
2518,1189.78
2519,1114.15
2520,1306.07
2521,825.65
2522,868.312
2523,938.833
2524,871.575
2525,955.186
2526,1233.16
2527,1110.95
2528,1001.76
2529,1058.13
2530,916.944
2531,1053.74
2532,1066.89
2533,934.829
2534,877.583
2535,1023.9
2536,829.721
2537,975.535
2538,847.69
2539,1038.1
2540,1380.69
2541,991.315
2542,844.986
2543,1163.79
2544,1499.53
2545,1044.77
2546,1057.07
2547,849.51
2548,852.836
2549,995.159
2550,1053.64
2551,1054.06
2552,1045.84
2553,1112.77
2554,1241.23
2555,957.733
2556,735.671
2557,1118.02
2558,1213.56
2559,1199.95
2560,1011.53
2561,1158.96
2562,770.846
2563,1131.69
2564,942.692
2565,1088.7
2566,1059.87
2567,1046.11
2568,1609.33
2569,1122.44
2570,757.608
2571,1049.74
2572,1313.82
2573,1567.01
2574,1249.19
2575,843.595
2576,901.788
2577,1419.58
2578,917.454
2579,781.451
2580,896.392
2581,1066.2
2582,1245.72
2583,937.897
2584,554.693
2585,1214.65
2586,951.796
2587,997.614
2588,1189.26
2589,899.379
2590,1229.46
2591,788.701
2592,1448.05
2593,879.972
2594,1196.09
2595,913.423
2596,1000.07
2597,1013.99
2598,717.425
2599,650.282
2600,1305.79
2601,988.449
2602,1186.01
2603,824.739
2604,1204.69
2605,1079.87
2606,1382.72
2607,1002.19
2608,1316.89
2609,1391.49
2610,1305.63
2611,892.711
2612,947.072
2613,886.922
2614,1138.62
2615,727.264
2616,1090.54
2617,901.992
2618,1061.55
2619,1256
2620,879.579
2621,963.035
2622,1475.97
2623,1027.72
2624,1079.74
2625,1067.97
2626,1092.66
2627,1022.21
2628,766.891
2629,1062.53
2630,726.415
2631,825.983
2632,1008.58
2633,836.374
2634,988.618
2635,1002.36
2636,747.212
2637,1734.5
2638,1185.21
2639,984.423
2640,1227.62
2641,889.331
2642,835.761
2643,988.969
2644,787.869
2645,781.414
2646,1103.11
2647,1238.7
2648,754.56
2649,974.26
2650,1042.66
2651,862.03
2652,861.999
2653,1076.4
2654,979.27
2655,884
2656,911.65
2657,750.161
2658,1146.53
2659,1321.97
2660,1362.52
2661,987.807
2662,1148.03
2663,1579.9
2664,886.042
2665,729.211
2666,1341.61
2667,690.249
2668,1150.98
2669,1013.89
2670,616.909
2671,1008.4
2672,1093.89
2673,851.607
2674,864.683
2675,1158.6
2676,1150.49
2677,1103.55
2678,944.824
2679,1396.76
2680,939.571
2681,1153.24
2682,1019.53
2683,915.215
2684,849.063
2685,1168.22
2686,1342.3
2687,1593.05
2688,930.782
2689,631.954
2690,1003.2
2691,1340.55
2692,1241.68
2693,805.806
2694,808.462
2695,1008.81
2696,1060.96
2697,1120.96
2698,959.015
2699,865.346
2700,773.547
2701,757.019
2702,886.499
2703,662.988
2704,1061.68
2705,1523.64
2706,1559.31
2707,878.062
2708,1216.81
2709,1377.35
2710,1020.8
2711,942.709
2712,1248.52
2713,886.326
2714,996.535
2715,1007.48
2716,1194.42
2717,1593.87
2718,687.45
2719,1098.68
2720,951.37
2721,1332.97
2722,1427.02
2723,789.613
2724,1055.3
2725,890.441
2726,1497.05
2727,889.885
2728,788.691
2729,1015.01
2730,766.863
2731,738.442
2732,865.653
2733,1009.68
2734,930.613
2735,1214.97
2736,961.569
2737,1216.55
2738,1360.25
2739,1211.36
2740,1067.12
2741,925.187
2742,1030.35
2743,1327.85
2744,713.249
2745,1128.8
2746,1239.06
2747,1188.95
2748,805.619
2749,1042.3
2750,977.733
2751,1087.37
2752,1120.72
2753,1181.67
2754,1177.33
2755,994.614
2756,1016.71
2757,1313.44
2758,1048.62
2759,790.277
2760,914.541
2761,1059.6
2762,1083.89
2763,1086.53
2764,820.146
2765,966.853
2766,826.934
2767,814.456
2768,1656.39
2769,939.991
2770,1610.86
2771,744.854
2772,882.48
2773,1104.75
2774,1060.43
2775,1158.65
2776,689.473
2777,1019.98
2778,880.376
2779,955.663
2780,929.798
2781,678.598
2782,1167.37
2783,1291.87
2784,738.153
2785,876.2
2786,1025.61
2787,1762.73
2788,917.79
2789,1004.79
2790,1305.86
2791,982.618
2792,1057.04
2793,1280.8
2794,1030.08
2795,1082.56
2796,1032.67
2797,1037.97
2798,1063.44
2799,788.212
2800,1370.81
2801,812.894
2802,951.378
2803,768.883
2804,1246.34
2805,965.659
2806,1010.72
2807,1354.9
2808,1101.95
2809,916.035
2810,1327.07
2811,1201.63
2812,923.663
2813,1100.61
2814,1179.58
2815,1097.13
2816,1238.24
2817,1054.49
2818,887.117
2819,901.426
2820,791.487
2821,1162.58
2822,840.353
2823,868.526
2824,719.578
2825,1053.53
2826,1170.15
2827,1174.96
2828,1182.97
2829,1710.71
2830,1126.8
2831,734.923
2832,1055.49
2833,950.316
2834,777.398
2835,806.349
2836,746.05
2837,963.19
2838,1336.84
2839,967.585
2840,1229.34
2841,1273.15
2842,1059.14
2843,937.322
2844,1038.68
2845,1030.74
2846,929.751
2847,815.662
2848,1041.85
2849,961.597
2850,1113.3
2851,1124.02
2852,873.175
2853,955.665
2854,688.927
2855,810.417
2856,1201.11
2857,1217.02
2858,1583.67
2859,915.369
2860,1062.27
2861,935.174
2862,899.573
2863,1356.1
2864,1009.85
2865,1092.65
2866,1147.78
2867,752.849
2868,1105.65
2869,707.933
2870,682.68
2871,1171.12
2872,1165.55
2873,992.143
2874,1160.35
2875,994.053
2876,998.58
2877,967.045
2878,1179.74
2879,1478.05
2880,944.699
2881,816.949
2882,1152.99
2883,1036.07
2884,670.218
2885,1278.21
2886,896.557
2887,935.663
2888,896.253
2889,934.206
2890,1043.26
2891,908.317
2892,1151.29
2893,728.812
2894,1378.59
2895,980.56
2896,1702.94
2897,1580.59
2898,892.55
2899,1051.54
2900,725.194
2901,1012.61
2902,1791.68
2903,1489.56
2904,1063.07
2905,1169.1
2906,1340.22
2907,1124.32
2908,1291.25
2909,900.419
2910,1260.55
2911,1408.32
2912,1306.71
2913,911.962
2914,902.325
2915,976.36
2916,810.671
2917,708.591
2918,661.373
2919,854.992
2920,1343.11
2921,841.945
2922,1011.84
2923,952.99
2924,935.478
2925,763.459
2926,1141.34
2927,987.994
2928,930.265
2929,777.14
2930,1094.7
2931,691.134
2932,976.322
2933,868.531
2934,788.956
2935,777.491
2936,976.919
2937,1064.11
2938,1344.39
2939,687.089
2940,998.863
2941,1130.32
2942,1112.79
2943,1156.06
2944,1125.19
2945,956.65
2946,903.752
2947,729.715
2948,1156.25
2949,873.624
2950,1044.9
2951,1256.94
2952,884.02
2953,946.174
2954,1317.75
2955,1362.28
2956,1061
2957,909.43
2958,875.109
2959,956.121
2960,1027.44
2961,930.068
2962,1073.19
2963,1066.2
2964,928.205
2965,1124.06
2966,749.289
2967,993.439
2968,1007.24
2969,913.394
2970,853.772
2971,1033.03
2972,1482.28
2973,594.694
2974,858.297
2975,1081.59
2976,1368.76
2977,1505.35
2978,1144.22
2979,1007.87
2980,1377
2981,1216.3
2982,1029.97
2983,937.173
2984,1102.91
2985,1078.12
2986,982.834
2987,1285.91
2988,1205.56
2989,1267.08
2990,785.898
2991,1330.3
2992,1002.55
2993,1016.05
2994,937.708
2995,1069.89
2996,1230.62
2997,1182.61
2998,961.876
2999,1307.95
3000,1195.46
3001,1118.68
3002,1145.22
3003,1030.96
3004,922.829
3005,1008.66
3006,885.872
3007,875.659
3008,1261.42
3009,1211.34
3010,942.978
3011,902.614
3012,1024.17
3013,580.618
3014,903.046
3015,1025.89
3016,898.675
3017,932.205
3018,1001.81
3019,1213.6
3020,993.979
3021,1207.55
3022,948.091
3023,941.992
3024,1175.28
3025,1160.05
3026,977.853
3027,879.489
3028,974.852
3029,946.61
3030,908.653
3031,1118.3
3032,1285.14
3033,1179.33
3034,1062.53
3035,1277.57
3036,1093.29
3037,954.934
3038,1024.32
3039,614.066
3040,1103.98
3041,992.868
3042,986.185
3043,1359.25
3044,1169.53
3045,1258.48
3046,1217.66
3047,844.739
3048,1112.2
3049,955.479
3050,983.455
3051,1175.92
3052,859.09
3053,844.537
3054,1264.07
3055,1442.74
3056,1051.71
3057,706.015
3058,867.156
3059,1028.1
3060,942.735
3061,940.018
3062,1266.09
3063,1269.5
3064,792.596
3065,1480.21
3066,837.9
3067,1317.59
3068,1417.63
3069,1176.96
3070,1075.07
3071,1061.96
3072,985.475
3073,899.58
3074,1110.76
3075,1027.56
3076,892.396
3077,878.365
3078,892.384
3079,927.767
3080,972.764
3081,1257.68
3082,885.616
3083,881.112
3084,1157.71
3085,983.126
3086,1446.08
3087,970.183
3088,1114.02
3089,949.687
3090,1092.48
3091,886.371
3092,1061.61
3093,843.96
3094,1081.74
3095,1343.05
3096,861.375
3097,1507.61
3098,651.558
3099,1160.28
3100,816.544
3101,1331.96
3102,933.949
3103,1108.62
3104,1237.23
3105,845.122
3106,785.716
3107,953.227
3108,1188.91
3109,909.631
3110,1197.36
3111,1139.73
3112,1002.02
3113,1278.31
3114,867.443
3115,1202.4
3116,1253.26
3117,1359.49
3118,975.5
3119,1042.24
3120,1026.54
3121,791.785
3122,873.975
3123,817.201
3124,934.792
3125,789.386
3126,1069.22
3127,1068.24
3128,1223.18
3129,826.017
3130,1331.58
3131,615.787
3132,665.036
3133,837.999
3134,1106.97
3135,1346.46
3136,933.264
3137,1495.88
3138,922.735
3139,1167.59
3140,709.016
3141,950.771
3142,1099.99
3143,877.374
3144,1160.26
3145,1125.47
3146,1048.61
3147,1186.32
3148,1842.63
3149,984.305
3150,1286.5
3151,821.831
3152,1273.89
3153,1225.49
3154,1187.42
3155,768.147
3156,1103.4
3157,1037.04
3158,1189.47
3159,1091.12
3160,1128.84
3161,942.896
3162,910.261
3163,1316.2
3164,854.661
3165,947.229
3166,1088.66
3167,953.768
3168,944.821
3169,1043.36
3170,1125.45
3171,1175.47
3172,1140.8
3173,1086.96
3174,669.149
3175,1441.9
3176,963.329
3177,1005.38
3178,701.465
3179,959.769
3180,1282.09
3181,873.907
3182,959.24
3183,1335.66
3184,1020.9
3185,944.959
3186,1217.19
3187,752.953
3188,1085.98
3189,902.119
3190,891.493
3191,963.119
3192,1182.03
3193,1173.71
3194,1102.99
3195,935.002
3196,1118.94
3197,1339.91
3198,770.83
3199,944.906
3200,955.06
3201,1149.51
3202,1173.03
3203,1205.11
3204,921.641
3205,908.306
3206,999.265
3207,1305.48
3208,1530.24
3209,1160.01
3210,1084.61
3211,1109.88
3212,822.604
3213,906.657
3214,916.778
3215,606.967
3216,978.921
3217,980.738
3218,935.812
3219,919.613
3220,1030.07
3221,1227.82
3222,983.151
3223,1193.87
3224,1396.23
3225,1735
3226,851.032
3227,1210.46
3228,1022.3
3229,1080.46
3230,1162.18
3231,899.387
3232,907.415
3233,1083.23
3234,972.018
3235,676.075
3236,1118.34
3237,966.081
3238,1333.37
3239,985.141
3240,1284.33
3241,1106.14
3242,993.03
3243,1554.11
3244,1169.53
3245,982.802
3246,1141.61
3247,745.64
3248,897.837
3249,769.743
3250,1336.6
3251,905.447
3252,987.141
3253,1154.19
3254,915.506
3255,1203.87
3256,1153.99
3257,1502.6
3258,1105.2
3259,1022.56
3260,810.829
3261,1660.81
3262,1178.66
3263,919.729
3264,1199.59
3265,891.501
3266,1505.15
3267,888.819
3268,849.586
3269,1025.99
3270,851.647
3271,1229.66
3272,996.704
3273,1136.19
3274,1185.86
3275,1018.08
3276,795.773
3277,851.472
3278,965.409
3279,1136.93
3280,1052.2
3281,1006.73
3282,1146.79
3283,828.572
3284,1541.64
3285,1001.42
3286,880.035
3287,884.846
3288,998.416
3289,1089.63
3290,1728.04
3291,1052.1
3292,850.374
3293,929.918
3294,902.8
3295,1202.15
3296,1049.38
3297,1084.18
3298,1546.08
3299,894.811
3300,1291.15
3301,1234.29
3302,1094.95
3303,799.972
3304,1113.27
3305,1362.06
3306,1156.69
3307,1159.38
3308,1009.7
3309,1127.2
3310,1069.52
3311,1087.72
3312,1332.81
3313,1086.99
3314,945.582
3315,1143.16
3316,1340.67
3317,1256.61
3318,972.929
3319,841.197
3320,954.095
3321,769.718
3322,1115.64
3323,842.028
3324,946.259
3325,835.288
3326,1239.45
3327,836.365
3328,992.153
3329,761.804
3330,1263.34
3331,996.375
3332,867.885
3333,1695.13
3334,1106.26
3335,1221.89
3336,1136.16
3337,684.336
3338,1040.09
3339,1081.99
3340,1306.04
3341,977.306
3342,858.876
3343,1195.45
3344,792.068
3345,1038.48
3346,962.065
3347,1534.15
3348,1535.1
3349,1089.88
3350,1039.52
3351,998.168
3352,1071.82
3353,1043.66
3354,865.198
3355,1473.88
3356,1077.39
3357,1039.28
3358,1376.35
3359,1046.88
3360,1088.35
3361,1261.02
3362,935.728
3363,1076.38
3364,1013.15
3365,804.821
3366,1683.11
3367,950.954
3368,880.761
3369,1055.76
3370,1020.3
3371,1060.32
3372,1000.64
3373,1031.95
3374,940.474
3375,789.849
3376,1041.19
3377,916.903
3378,897.734
3379,991.521
3380,1030.54
3381,1086.59
3382,1145.68
3383,1223.07
3384,942.833
3385,996.479
3386,755.881
3387,947.089
3388,878.806
3389,1152.97
3390,1186
3391,1198.85
3392,940.833
3393,649.938
3394,1186.21
3395,731.907
3396,1795.61
3397,1025.4
3398,1001.45
3399,1574.76
3400,1253.15
3401,918.306
3402,1544.27
3403,1177.61
3404,1256.44
3405,905.949
3406,947.252
3407,1191.26
3408,1638.24
3409,924.792
3410,1076.44
3411,1172.91
3412,900.674
3413,847.19
3414,813.851
3415,1162.84
3416,955.59
3417,1010.9
3418,1011.22
3419,1340.27
3420,913.485
3421,1149.36
3422,1038.89
3423,945.987
3424,941.826
3425,954.748
3426,1054.54
3427,720.198
3428,1526.13
3429,1382.02
3430,1303.82
3431,1237.74
3432,794.609
3433,995.013
3434,1040.83
3435,1351.2
3436,1103.22
3437,1150.17
3438,1183.45
3439,1237.85
3440,968.425
3441,1248.68
3442,825.207
3443,931.96
3444,786.31
3445,1492.83
3446,1083.32
3447,874.712
3448,947.452
3449,624.233
3450,1176.21
3451,1021.81
3452,952.054
3453,831.943
3454,849.717
3455,976.652
3456,1195.8
3457,1159.78
3458,980.673
3459,897.67
3460,1042.89
3461,751.253
3462,805.324
3463,1013.17
3464,856.596
3465,891.28
3466,765.138
3467,760.542
3468,1156.36
3469,1225.52
3470,805.125
3471,1676.88
3472,1348.26
3473,1516.51
3474,927.455
3475,1157.4
3476,913.361
3477,936.501
3478,1006.89
3479,1173
3480,1199.26
3481,1386.01
3482,752.663
3483,1055.67
3484,1074.86
3485,831.097
3486,1145.83
3487,1232.54
3488,1289.15
3489,553.65
3490,833.674
3491,712.677
3492,1010.44
3493,1055.07
3494,646.502
3495,936.892
3496,1263.85
3497,1182.38
3498,833.585
3499,1124.31
3500,1716.03
3501,1350.68
3502,1205.16
3503,1097.21
3504,860.492
3505,906.301
3506,1183.47
3507,1204.64
3508,1089.48
3509,1111.63
3510,1141.85
3511,1070.93
3512,911.636
3513,903.545
3514,1188.99
3515,1464.81
3516,772.215
3517,1132.01
3518,1188.55
3519,1000.36
3520,728.086
3521,1389.07
3522,1274.57
3523,971.369
3524,1187.43
3525,1091.29
3526,1539.97
3527,1237.13
3528,973.888
3529,950.248
3530,1240.41
3531,724.39
3532,1176.61
3533,986.301
3534,1222.52
3535,912.403
3536,1066.47
3537,1082.97
3538,1126.64
3539,1095.35
3540,1084.03
3541,912.433
3542,959.203
3543,953.319
3544,1130.45
3545,955.807
3546,866.77
3547,1134.1
3548,1301.15
3549,1022.06
3550,663.264
3551,1166.59
3552,1479.49
3553,1029.72
3554,1073.92
3555,914.385
3556,503.86
3557,1153.97
3558,774.788
3559,1060.01
3560,1011.56
3561,1024.96
3562,948.523
3563,1469.63
3564,1249.48
3565,1480.78
3566,1014.21
3567,816.47
3568,1128.46
3569,1194.55
3570,960.175
3571,1094.08
3572,1047.83
3573,1016.86
3574,1270.68
3575,1295.15
3576,798.817
3577,915.584
3578,1278.64
3579,759.084
3580,978.495
3581,728.262
3582,1022.18
3583,882.744
3584,1000.81
3585,998.874
3586,823.087
3587,989.897
3588,950.576
3589,796.395
3590,1195.82
3591,1019.5
3592,1132.12
3593,1097.72
3594,1202.31
3595,1062.74
3596,904.181
3597,1008.69
3598,957.348
3599,847.041
3600,1117.31
3601,1201.21
3602,1101.73
3603,868.469
3604,966.847
3605,1122.53
3606,1118.19
3607,902.316
3608,762.864
3609,1215.96
3610,946.585
3611,836.289
3612,1827.33
3613,1138.53
3614,931.752
3615,937.443
3616,1207.42
3617,989.607
3618,1314.01
3619,1096.35
3620,1162.31
3621,1001.85
3622,964.257
3623,1198.46
3624,1014.87
3625,935.171
3626,1106.82
3627,1165.66
3628,832.034
3629,1029.9
3630,1284.17
3631,1109.01
3632,1411.19
3633,979.973
3634,925.272
3635,1060.38
3636,952.729
3637,926.083
3638,905.303
3639,940.166
3640,800.396
3641,991.639
3642,912.833
3643,1123.59
3644,1143.53
3645,821.982
3646,1340.11
3647,958.273
3648,1080.24
3649,1309.25
3650,1238.39
3651,958.44
3652,1464.14
3653,936.363
3654,1044.87
3655,1026.34
3656,1581.8
3657,821.51
3658,1074.44
3659,1090.42
3660,798.48
3661,735.544
3662,1727.61
3663,1130.63
3664,956.579
3665,729.071
3666,1260.11
3667,1546.47
3668,897.612
3669,1227.8
3670,905.274
3671,1157.06
3672,1172.23
3673,1069.82
3674,934.285
3675,1135.14
3676,928.603
3677,1146.19
3678,1064.68
3679,1524.16
3680,959.404
3681,1258.96
3682,966.685
3683,894.739
3684,959.993
3685,1201.28
3686,959.536
3687,821.611
3688,832.1
3689,1350.39
3690,1143.75
3691,835.908
3692,1108.61
3693,725.244
3694,1180.21
3695,876.273
3696,960.812
3697,1109.79
3698,1475.78
3699,1003.94
3700,1040.26
3701,1036.04
3702,904.889
3703,1170.08
3704,1128.86
3705,1191.21
3706,1153.69
3707,640.163
3708,863.784
3709,1120.98
3710,1319.51
3711,1224.48
3712,1197.85
3713,884.995
3714,965.306
3715,946.837
3716,860.363
3717,1062.36
3718,688.208
3719,783.513
3720,857.223
3721,1232.47
3722,929.358
3723,1015.32
3724,1109.68
3725,1037
3726,1210.66
3727,1297.49
3728,1349.26
3729,726.711
3730,994.691
3731,1007.55
3732,1126.25
3733,1176.44
3734,1500.88
3735,978.741
3736,1205.26
3737,832.076
3738,1469.93
3739,989.081
3740,964.503
3741,1292.57
3742,730.938
3743,1191.59
3744,808.121
3745,1119.77
3746,1035.39
3747,986.376
3748,1152.69
3749,862.011
3750,781.067
3751,1067.63
3752,818.871
3753,956.125
3754,1413.36
3755,1216.96
3756,1020.91
3757,827.183
3758,994.837
3759,1112.67
3760,1501.14
3761,1021.85
3762,994.788
3763,1136.14
3764,992.885
3765,1097.68
3766,1026.43
3767,1230.28
3768,1313.28
3769,875.608
3770,827.602
3771,1383.92
3772,1224.77
3773,940.613
3774,1006.35
3775,1008.69
3776,1022.6
3777,958.172
3778,980.895
3779,1215.84
3780,661.958
3781,809.6
3782,807.994
3783,1435.43
3784,1358.05
3785,1496.76
3786,1223.62
3787,1073.77
3788,1029.18
3789,803.998
3790,1002.85
3791,1188.22
3792,944.022
3793,807.543
3794,1041.32
3795,943.869
3796,1499.37
3797,963.905
3798,983.336
3799,1442.09
3800,855.882
3801,789.694
3802,843.028
3803,755.176
3804,953.463
3805,888.366
3806,1221.73
3807,623.532
3808,849.146
3809,1119.7
3810,992.579
3811,1084.82
3812,1316.81
3813,878.229
3814,1212.97
3815,794.158
3816,891.115
3817,1076.83
3818,842.658
3819,728.746
3820,1059.96
3821,1350.78
3822,1481.78
3823,858.36
3824,1107.41
3825,987.77
3826,952.769
3827,1192.54
3828,1172.73
3829,1008.16
3830,1091.09
3831,1018.82
3832,1030.26
3833,936.624
3834,966.888
3835,593.52
3836,816.406
3837,916.107
3838,1234.3
3839,1456.7
3840,1261.61
3841,635.384
3842,1272.97
3843,1333.42
3844,1178.22
3845,899.818
3846,1093.5
3847,1280.69
3848,757.755
3849,921.994
3850,1091.08
3851,802.003
3852,1065.58
3853,851.473
3854,1176.58
3855,786.379
3856,1116.02
3857,880.806
3858,1163.88
3859,1222.5
3860,781.475
3861,830.936
3862,1371.8
3863,1133.79
3864,1150.5
3865,736.01
3866,1229.47
3867,707.523
3868,1219.47
3869,683.677
3870,1066.24
3871,1121.27
3872,1088.6
3873,1276.33
3874,914.636
3875,832.714
3876,1094.65
3877,1531.41
3878,1100.16
3879,1089.39
3880,1065.61
3881,866.183
3882,768.028
3883,861.901
3884,1223.14
3885,626.16
3886,1262.98
3887,724.452
3888,729.977
3889,1069.75
3890,1123.95
3891,1404.51
3892,791.438
3893,947.525
3894,863.575
3895,1062.07
3896,1091.58
3897,904.443
3898,910.069
3899,1212.36
3900,819.832
3901,1378.63
3902,1202.15
3903,1069.88
3904,764.067
3905,1136.53
3906,998.601
3907,1583.13
3908,1481.87
3909,724.851
3910,934.276
3911,890.394
3912,706.565
3913,885.781
3914,695.153
3915,720.702
3916,1063.81
3917,968.573
3918,1308.84
3919,901.207
3920,736.931
3921,753.929
3922,978.048
3923,938.982
3924,857.225
3925,855.003
3926,1102.47
3927,822.997
3928,981.936
3929,939.173
3930,1081.73
3931,936.301
3932,1240.42
3933,946.23
3934,939.335
3935,1060.34
3936,958.352
3937,875.442
3938,1183.5
3939,1103.3
3940,893.54
3941,804.538
3942,1052.56
3943,954.037
3944,940.19
3945,1115.82
3946,1002.1
3947,776.833
3948,1241.94
3949,1244.45
3950,875.397
3951,762.227
3952,979.454
3953,1208.46
3954,893.909
3955,979.21
3956,890.933
3957,827.364
3958,839.588
3959,901.373
3960,910.206
3961,1233.08
3962,1450.43
3963,1234.77
3964,739.957
3965,1025.54
3966,852.816
3967,1241.83
3968,1250.97
3969,1488.77
3970,1253.63
3971,890.382
3972,954.454
3973,967.962
3974,1374.6
3975,804.332
3976,1012.66
3977,920.018
3978,1099
3979,1036.6
3980,1311.89
3981,2065.91
3982,1055.18
3983,1319.54
3984,898.511
3985,1229.18
3986,1398.93
3987,1007
3988,1044.1
3989,1418.28
3990,1100.27
3991,1166.59
3992,952.643
3993,1032.48
3994,891.035
3995,1235.52
3996,1295.31
3997,935.006
3998,740.114
3999,1721.78
4000,745.519
4001,1048.18
4002,782.582
4003,1219.67
4004,976.141
4005,875.625
4006,962.421
4007,921.558
4008,893.103
4009,1272.69
4010,1354.74
4011,889.525
4012,1032.93
4013,964.167
4014,883.264
4015,1126.31
4016,1020.11
4017,807.322
4018,665.291
4019,955.845
4020,1206.87
4021,823.205
4022,902.296
4023,671.157
4024,1040.51
4025,790.322
4026,1086.16
4027,1149.2
4028,1018.42
4029,1013.34
4030,1006.54
4031,1070.91
4032,1003.26
4033,983.097
4034,910.465
4035,804.678
4036,1094.38
4037,1405.79
4038,1001.63
4039,1010.9
4040,871.643
4041,904.239
4042,1131.12
4043,994.772
4044,956.605
4045,1251.04
4046,1205.73
4047,1505.49
4048,1084.9
4049,1228.13
4050,1275.41
4051,1208.42
4052,1363.16
4053,919.04
4054,1118.5
4055,1360.55
4056,940.576
4057,912.678
4058,1048
4059,1024
4060,1133.81
4061,1027.47
4062,980.209
4063,868.116
4064,940.521
4065,953.128
4066,981.052
4067,763.756
4068,907.13
4069,1031.16
4070,722.662
4071,996.131
4072,1418.92
4073,1016.73
4074,1200.96
4075,1067.86
4076,1003.93
4077,881.83
4078,1124.99
4079,969.51
4080,1098.82
4081,795.172
4082,1506.75
4083,1038.21
4084,1202.92
4085,941.99
4086,695.089
4087,982.451
4088,1156.92
4089,1119.01
4090,1468.06
4091,986.589
4092,750.077
4093,1013.56
4094,1507.99
4095,1803.62
4096,1039.05
4097,1383.18
4098,977.115
4099,894.182
4100,880.654
4101,872.311
4102,1145.31
4103,912.906
4104,942.661
4105,1398.11
4106,1088.83
4107,1081.43
4108,835.176
4109,1170.39
4110,989.703
4111,1447.34
4112,1091.12
4113,1095.3
4114,1012.9
4115,987.767
4116,890.44
4117,1149.67
4118,1044.3
4119,967.609
4120,1505.87
4121,952.709
4122,1072.18
4123,947.575
4124,1120.14
4125,1184.95
4126,977.739
4127,832.251
4128,1045.11
4129,845.722
4130,1357.74
4131,705.421
4132,1308.04
4133,1207.01
4134,880.074
4135,860.753
4136,846.419
4137,1464.21
4138,1046.39
4139,928.24
4140,1322.8
4141,996.874
4142,1305.84
4143,970.875
4144,1014.22
4145,957.992
4146,1050.53
4147,937.941
4148,1334.24
4149,1065.13
4150,1362.65
4151,767.448
4152,932.27
4153,686.681
4154,767.896
4155,747.995
4156,966.802
4157,1485.14
4158,849.415
4159,816.316
4160,963.548
4161,1271.53
4162,989.595
4163,987.62
4164,915.509
4165,964.245
4166,1027.9
4167,1308.89
4168,1002.83
4169,794.779
4170,1069.57
4171,901.519
4172,1338.11
4173,890.841
4174,846.473
4175,689.855
4176,926.393
4177,1234.3
4178,1185.82
4179,1423.3
4180,928.196
4181,1219.7
4182,898.675
4183,1074.86
4184,912.502
4185,1240.44
4186,1160.43
4187,1215.29
4188,1116.59
4189,1143.44
4190,927.711
4191,898.498
4192,956.802
4193,1122.98
4194,1092.65
4195,667.458
4196,1166.98
4197,896.137
4198,1118.66
4199,893.561
4200,1150.39
4201,804.763
4202,1040.71
4203,850.211
4204,1052.31
4205,1477.17
4206,996.568
4207,972.854
4208,945.424
4209,1366.78
4210,1071.08
4211,1142.16
4212,1199.45
4213,1179.29
4214,910.446
4215,1015.19
4216,1158.19
4217,1646.7
4218,856.984
4219,1127.64
4220,917.89
4221,1395.42
4222,953.574
4223,1431.5
4224,1357.28
4225,768.637
4226,835.829
4227,807.53
4228,906.496
4229,1105.94
4230,923.339
4231,1224.52
4232,673.154
4233,923.986
4234,1059.69
4235,1060.82
4236,1277.41
4237,1284.1
4238,844.917
4239,908.23
4240,1593.33
4241,1040.3
4242,939.928
4243,1242.2
4244,1303.52
4245,980.003
4246,1360.82
4247,866.605
4248,765.879
4249,796.274
4250,1116.32
4251,836.49
4252,1097.01
4253,1002.26
4254,953.136
4255,1164.11
4256,864.543
4257,1093.23
4258,1330.21
4259,1138.09
4260,685.689
4261,1266.22
4262,965.898
4263,993.227
4264,1242.22
4265,1021.97
4266,1381.7
4267,751.916
4268,845.26
4269,917.25
4270,1177.6
4271,841.396
4272,1023.43
4273,910.686
4274,855.566
4275,756.791
4276,1110.67
4277,1195.51
4278,946.007
4279,903.048
4280,952.057
4281,1160.2
4282,794.602
4283,791.653
4284,1072.83
4285,1160.31
4286,1206.07
4287,1125.42
4288,994.633
4289,1043.87
4290,1202.72
4291,1331.11
4292,1197.84
4293,727.291
4294,1296.9
4295,941.838
4296,903.764
4297,836.543
4298,879.515
4299,1412.99
4300,1236.08
4301,1153.32
4302,1205.27
4303,1295.7
4304,1559.08
4305,999.959
4306,1261.74
4307,884.704
4308,1009.21
4309,1027.84
4310,980.806
4311,1027.15
4312,987.706
4313,1137.48
4314,899.91
4315,917.161
4316,1077.06
4317,1484.46
4318,1145.67
4319,908.86
4320,1183.59
4321,911.511
4322,1024.59
4323,1036.34
4324,1137.43
4325,618.039
4326,801.936
4327,825.975
4328,1237.93
4329,1037.3
4330,1060.78
4331,1083.1
4332,1422.31
4333,967.625
4334,903.741
4335,1000.96
4336,1131.21
4337,1567.68
4338,1434.59
4339,941.614
4340,1010.76
4341,855.28
4342,1161.31
4343,597.465
4344,956.387
4345,962.984
4346,926.842
4347,1055.02
4348,842.345
4349,1098.8
4350,1149.67
4351,1448.46
4352,1499.94
4353,806.23
4354,1016.13
4355,1258.04
4356,997.558
4357,1246.75
4358,1095.89
4359,903.176
4360,1124.94
4361,993.349
4362,1100.73
4363,809.932
4364,945.589
4365,868.106
4366,1330.64
4367,918.068
4368,1304.47
4369,1152.57
4370,1063.64
4371,1081.4
4372,1041.92
4373,1229.61
4374,975.547
4375,1485.23
4376,802.928
4377,1229.18
4378,990.648
4379,847.057
4380,989.615
4381,1540.69
4382,755.554
4383,730.146
4384,929.345
4385,1348.91
4386,731.305
4387,837.067
4388,1008.9
4389,800.249
4390,988.603
4391,964.879
4392,1220.78
4393,1071.82
4394,1024.83
4395,1020.5
4396,1016.42
4397,1485.81
4398,1040.89
4399,1116.07
4400,794.753
4401,1026.81
4402,1097.06
4403,1476.79
4404,1137.83
4405,849.751
4406,1299.1
4407,1430.77
4408,1277.76
4409,1083.07
4410,1005.15
4411,1084.53
4412,740.536
4413,1392.73
4414,1074.69
4415,850.815
4416,771.336
4417,831.754
4418,729.532
4419,1224.64
4420,688.904
4421,721.717
4422,707.09
4423,907.687
4424,859.876
4425,1080.23
4426,925.282
4427,910.206
4428,1179.15
4429,997.442
4430,1549.16
4431,1252.63
4432,852.376
4433,1065.28
4434,941.827
4435,1443.61
4436,1458.63
4437,1279.29
4438,1051.95
4439,1014.95
4440,986.521
4441,1152.2
4442,1086.47
4443,990.041
4444,1389.16
4445,1438.62
4446,785.545
4447,664.31
4448,797.776
4449,1228.01
4450,998.076
4451,943.108
4452,794.206
4453,1180.7
4454,1064.34
4455,1347.72
4456,888.199
4457,822.292
4458,957.024
4459,1475.93
4460,1082.12
4461,1131.13
4462,1279.95
4463,1021.15
4464,1241.01
4465,1318.84
4466,1016.98
4467,1012.22
4468,1217.37
4469,913.527
4470,927.261
4471,1102.42
4472,1034.96
4473,911.854
4474,1230.56
4475,991.779
4476,1385.03
4477,942.594
4478,1019.93
4479,905.885
4480,1112.19
4481,890.218
4482,971.625
4483,745.266
4484,1087.57
4485,1080.84
4486,1119.99
4487,1106.27
4488,1409
4489,864.435
4490,1327.83
4491,813.809
4492,632.045
4493,1043.1
4494,1003.53
4495,1295.93
4496,995.873
4497,1252.1
4498,1007.3
4499,969.931
4500,1100.41
4501,899.674
4502,904.019
4503,714.766
4504,1640.72
4505,823.16
4506,1044.31
4507,1246.19
4508,1126.67
4509,1211.29
4510,938.555
4511,758.38
4512,1201.61
4513,1206.23
4514,959.627
4515,1274.88
4516,882.675
4517,1209.02
4518,1529.21
4519,769.323
4520,1007.62
4521,1074.02
4522,1453.9
4523,1089.35
4524,1035.46
4525,983.791
4526,1147.21
4527,1134.12
4528,1056.64
4529,1128.29
4530,910.02
4531,748.507
4532,1167.01
4533,968.994
4534,932.054
4535,873.902
4536,890.356
4537,1093.77
4538,957.577
4539,1229.06
4540,998.432
4541,959.308
4542,1072.51
4543,962.203
4544,1455.47
4545,1340.35
4546,1112.6
4547,1117.79
4548,1137.69
4549,709.413
4550,955.517
4551,862.144
4552,915.884
4553,1077.24
4554,822.476
4555,680.669
4556,1008.51
4557,1194.13
4558,1333.25
4559,888.145
4560,945.716
4561,1309.3
4562,873.999
4563,1473.09
4564,1041.4
4565,1233.27
4566,1284.55
4567,1138.76
4568,793.582
4569,1058.02
4570,1152.31
4571,1092.69
4572,1122.67
4573,1060.82
4574,802.909
4575,1102.82
4576,1078.39
4577,927.417
4578,819.699
4579,960.884
4580,804.099
4581,1132.19
4582,1298.36
4583,1515.69
4584,1076.63
4585,893.598
4586,1201.97
4587,1188.76
4588,1276.46
4589,1188.46
4590,1524.72
4591,1023.24
4592,1005.31
4593,1081.38
4594,1064.31
4595,1224.71
4596,1209.12
4597,859.541
4598,1653.96
4599,1261.02
4600,861.389
4601,1066.65
4602,875.641
4603,1234.48
4604,1115.15
4605,1007.96
4606,882.797
4607,1042.49
4608,1077.6
4609,963.056
4610,990.137
4611,1128.99
4612,880.07
4613,1132.58
4614,819.867
4615,1069.98
4616,1097.38
4617,933.838
4618,1332.4
4619,1144.19
4620,1319.39
4621,585.525
4622,1145.27
4623,1093.97
4624,1112.45
4625,1495.64
4626,1598.96
4627,976.412
4628,1130.62
4629,961.763
4630,1057
4631,1003.24
4632,928.184
4633,888.25
4634,796.218
4635,783.653
4636,841.302
4637,804.847
4638,1078.57
4639,989.309
4640,1078.76
4641,1006.31
4642,773.402
4643,1057.51
4644,861.288
4645,1003.43
4646,975.239
4647,967.505
4648,1031.4
4649,814.733
4650,1196.02
4651,1210.76
4652,1099.36
4653,874.961
4654,958.369
4655,1146.98
4656,1170.14
4657,1089.35
4658,1129.15
4659,1667.27
4660,721.855
4661,1189.84
4662,1072.66
4663,1190.58
4664,921.331
4665,1292.11
4666,989.405
4667,1220.15
4668,1127
4669,1351.15
4670,962.819
4671,975.793
4672,900.519
4673,967.141
4674,1350.58
4675,837.243
4676,1257.56
4677,1143.81
4678,1168.64
4679,1137.11
4680,888.51
4681,965.973
4682,1297.54
4683,807.859
4684,827.311
4685,945.033
4686,1172.02
4687,1132.92
4688,1105.85
4689,1190.42
4690,1245.72
4691,1867.63
4692,919.259
4693,1109.84
4694,1663
4695,867.366
4696,712.424
4697,1675.94
4698,1018.34
4699,1017.79
4700,1003.76
4701,822.059
4702,1066.29
4703,1049.94
4704,1217.23
4705,798.078
4706,1111.48
4707,1288.81
4708,676.402
4709,1044.3
4710,986.505
4711,1002.71
4712,731.737
4713,1405.86
4714,1212.79
4715,633.393
4716,1362.27
4717,1029.3
4718,816.202
4719,1404.55
4720,705.301
4721,1215.41
4722,1692.83
4723,940.38
4724,1605.9
4725,1556.54
4726,750.171
4727,1281.5
4728,806.135
4729,865.499
4730,840.128
4731,1116.07
4732,847.196
4733,1036.44
4734,829.432
4735,1089.96
4736,1200.33
4737,1193.07
4738,1340.6
4739,842.122
4740,1375.34
4741,850.751
4742,883.442
4743,727.651
4744,896.571
4745,1447.89
4746,1303.58
4747,1319.62
4748,948.513
4749,994.829
4750,1371.08
4751,1068.08
4752,830.193
4753,834.027
4754,1040.21
4755,1256.97
4756,1153.17
4757,1242.88
4758,1182.73
4759,829.736
4760,945.438
4761,1070.7
4762,840.173
4763,1106.94
4764,877.231
4765,820.676
4766,651.992
4767,865.776
4768,983.429
4769,993.47
4770,1164.74
4771,917.105
4772,814.718
4773,1125.76
4774,984.627
4775,1304.37
4776,1341.4
4777,1359.95
4778,962.839
4779,932.954
4780,863.956
4781,936.511
4782,1097.22
4783,1041.59
4784,972.941
4785,777.163
4786,969.97
4787,1423.42
4788,865.797
4789,1255.21
4790,1146.51
4791,962.1
4792,1029.32
4793,1057.23
4794,1000.71
4795,789.148
4796,1022.46
4797,1304.54
4798,895.543
4799,888.374
4800,964.879
4801,942.797
4802,1191.94
4803,1261.97
4804,1103.81
4805,816.501
4806,933.698
4807,943.397
4808,819.963
4809,1118.67
4810,1291.29
4811,873.895
4812,1113.68
4813,1248.44
4814,1454.5
4815,944.817
4816,807.265
4817,1029.23
4818,1154.79
4819,877.873
4820,1202.21
4821,1214.44
4822,1040.79
4823,1150.19
4824,1440.31
4825,813.303
4826,1186.09
4827,886.783
4828,1148.68
4829,960.386
4830,1487.18
4831,1464.62
4832,1077.56
4833,1034.45
4834,1215.08
4835,1038.42
4836,828.681
4837,865.522
4838,1033.32
4839,992.614
4840,1187.62
4841,905.373
4842,787.268
4843,709.78
4844,1053.46
4845,903.635
4846,829.046
4847,1110.76
4848,1114.13
4849,1055.39
4850,947.418
4851,1082.88
4852,1356.02
4853,1418.96
4854,833.054
4855,1358.6
4856,1075.09
4857,1080.74
4858,1241.04
4859,714.959
4860,713.455
4861,1204.33
4862,696.995
4863,1115.63
4864,1554
4865,846.774
4866,567.962
4867,1484.67
4868,954.844
4869,843.563
4870,1138
4871,1488.55
4872,885.2
4873,1300.32
4874,1330.72
4875,792.727
4876,838.687
4877,1012.85
4878,1009.15
4879,1072.84
4880,1312.39
4881,1037.71
4882,1022.53
4883,936.839
4884,1029.6
4885,968.103
4886,1178.84
4887,888.127
4888,1014.51
4889,898.366
4890,713.018
4891,958.467
4892,746.596
4893,1629.12
4894,1062.45
4895,747.975
4896,989.563
4897,984.747
4898,1316.49
4899,1386.4
4900,922.966
4901,1162.63
4902,914.966
4903,857.735
4904,1261.37
4905,989.198
4906,1005.73
4907,1452.52
4908,1133.36
4909,988.715
4910,905.157
4911,923.575
4912,941.013
4913,1033.09
4914,1049.97
4915,764.786
4916,903.114
4917,1013.23
4918,1020.37
4919,1287.24
4920,1002.73
4921,1297.17
4922,1035.26
4923,1118.04
4924,951.265
4925,1147.51
4926,842.35
4927,998.349
4928,1081.16
4929,1369.32
4930,1690.08
4931,1496.43
4932,1540.54
4933,820.894
4934,974.213
4935,1427.04
4936,911.989
4937,870.969
4938,1048.97
4939,801.153
4940,1200.18
4941,821.331
4942,1488.45
4943,716.644
4944,1047.19
4945,924.623
4946,810.495
4947,1075.28
4948,1497.02
4949,1125.5
4950,990.587
4951,1553.71
4952,1008.28
4953,939.762
4954,1467.75
4955,861.425
4956,839.265
4957,1018.66
4958,808.384
4959,853.251
4960,910.553
4961,922.105
4962,1207.11
4963,849.719
4964,816.43
4965,1309.33
4966,1175.35
4967,1151.11
4968,984.145
4969,702.137
4970,1433.95
4971,788.458
4972,1453.03
4973,1208.72
4974,914.432
4975,1080.84
4976,1190.07
4977,1314.82
4978,1064.08
4979,1163.8
4980,825.089
4981,924.087
4982,979.345
4983,1298.88
4984,986.394
4985,1056.69
4986,1222.83
4987,987.917
4988,710.858
4989,956.595
4990,979.503
4991,1150.7
4992,1021.52
4993,1188.64
4994,1389.55
4995,770.691
4996,1344.25
4997,717.713
4998,1062.17
4999,994.015
5000,899.222
5001,1075.93
5002,1026.12
5003,700.258
5004,774.978
5005,1166.95
5006,800.851
5007,1316.55
5008,1037.18
5009,1457.58
5010,872.97
5011,745.021
5012,877.674
5013,855.918
5014,754.221
5015,1216.71
5016,1100.22
5017,1302.34
5018,842.81
5019,1339.12
5020,952.047
5021,826.097
5022,900.587
5023,1558.76
5024,1002.68
5025,1048.82
5026,824.071
5027,1034.85
5028,1081.32
5029,1147.24
5030,1001.41
5031,1490.88
5032,947.759
5033,1132.92
5034,779.37
5035,909.591
5036,1095.95
5037,978.523
5038,819.365
5039,1071.26
5040,896.497
5041,1169.32
5042,1330.98
5043,697.218
5044,1361.68
5045,1154.38
5046,1064.32
5047,1409.35
5048,1031.58
5049,1149.02
5050,826.198
5051,718.858
5052,1293.69
5053,901.292
5054,869.557
5055,1034.41
5056,1212.41
5057,963.871
5058,736.502
5059,903.045
5060,701.576
5061,713.365
5062,979.926
5063,800.417
5064,966.178
5065,1343.53
5066,710.002
5067,1200.96
5068,969.493
5069,854.564
5070,1214.2
5071,723.02
5072,1016.26
5073,1116.44
5074,1205.99
5075,1221.07
5076,1281.93
5077,1022.61
5078,1386.67
5079,799.65
5080,755.182
5081,759.438
5082,1156.6
5083,1536.17
5084,1118.81
5085,1017.99
5086,1297.16
5087,1147.85
5088,779.938
5089,1046.02
5090,1351.74
5091,1055.86
5092,972.092
5093,1133.29
5094,1479.43
5095,1514.08
5096,1466.46
5097,863.978
5098,1064.77
5099,1091.07
5100,1219.71
5101,1311.27
5102,1421.63
5103,831.77
5104,1081.16
5105,906.942
5106,856.325
5107,941.905
5108,948.731
5109,1034.3
5110,878.283
5111,827.62
5112,1094.33
5113,891.197
5114,1183.85
5115,935.133
5116,932.998
5117,895.521
5118,935.728
5119,1435.64
5120,1031.41
5121,978.928
5122,1038.68
5123,897.896
5124,969.277
5125,1211.92
5126,1338.61
5127,905.323
5128,808.076
5129,1304.8
5130,1570.21
5131,912.783
5132,780.936
5133,1238.52
5134,746.887
5135,949.005
5136,939.679
5137,1233.4
5138,976.813
5139,1139.3
5140,949.817
5141,994.961
5142,1143.31
5143,1030.09
5144,1186.51
5145,858.913
5146,1485.1
5147,1061.35
5148,1198.03
5149,1058.78
5150,776.389
5151,1070.77
5152,819.993
5153,1002.72
5154,1055.76
5155,1277.84
5156,976.641
5157,753.41
5158,789.691
5159,1134.48
5160,1243.53
5161,802.778
5162,1109.83
5163,574.428
5164,1098.49
5165,1247.68
5166,1344.29
5167,1204.61
5168,979.933
5169,1275.19
5170,977.838
5171,1930.51
5172,1003.45
5173,861.473
5174,1108.86
5175,1400.52
5176,935.202
5177,1016.09
5178,972.483
5179,1204.68
5180,1225.13
5181,890.114
5182,1092.81
5183,1212.21
5184,842.118
5185,1254.95
5186,1207.52
5187,1345.03
5188,926.601
5189,980.195
5190,1268.88
5191,1118.55
5192,1008.71
5193,1088.85
5194,829.401
5195,824.891
5196,1064.8
5197,1622
5198,950.525
5199,842.651
5200,891.172
5201,965.114
5202,915.953
5203,816.638
5204,836.54
5205,1154.72
5206,1145.99
5207,734.663
5208,1048.16
5209,1042.01
5210,870.62
5211,984.396
5212,911.74
5213,1220.1
5214,726.957
5215,1252.37
5216,791.105
5217,1002.97
5218,572.478
5219,802.223
5220,1319.42
5221,919.114
5222,836.541
5223,1313.88
5224,822.857
5225,863.384
5226,1228.79
5227,1551.62
5228,1081.27
5229,794.804
5230,1336.17
5231,1538.84
5232,1197.56
5233,1012.93
5234,900.458
5235,749.911
5236,1047.34
5237,948.027
5238,868.441
5239,1221.32
5240,1068.51
5241,970.389
5242,969.077
5243,1100.47
5244,920.551
5245,864.255
5246,797.528
5247,975.263
5248,1189.59
5249,954.937
5250,784.994
5251,1165.62
5252,771.021
5253,1180.46
5254,1009.15
5255,970.995
5256,1020.34
5257,1289.72
5258,786.212
5259,970.302
5260,1519.85
5261,1146.36
5262,1259.21
5263,1198.75
5264,1085.52
5265,896.176
5266,933.172
5267,1432.03
5268,1001.81
5269,907.992
5270,922.228
5271,936.822
5272,883.559
5273,1312.57
5274,794.386
5275,942.755
5276,835.207
5277,1023.63
5278,1389.34
5279,1059.46
5280,901.131
5281,883.907
5282,1056.56
5283,996.948
5284,1470.27
5285,903.535
5286,875.506
5287,861.174
5288,1139.97
5289,694.146
5290,1303.8
5291,1008.21
5292,1213.86
5293,897.146
5294,1336.63
5295,996.41
5296,1043.32
5297,1254.89
5298,1052.02
5299,1498.14
5300,1173.68
5301,1329.01
5302,1020.81
5303,692.423
5304,1019.53
5305,770.217
5306,1056.21
5307,894.318
5308,1297.26
5309,1371.96
5310,1399.91
5311,987.228
5312,1157.91
5313,1131.34
5314,848.734
5315,829.277
5316,854.64
5317,1225.62
5318,659.194
5319,982.354
5320,935.404
5321,1060.13
5322,1287.92
5323,964.863
5324,1021.21
5325,1151.96
5326,1738.19
5327,1587.24
5328,1094.8
5329,999.142
5330,1191.37
5331,1399.74
5332,918.705
5333,1236.54
5334,1471.62
5335,960.403
5336,812.307
5337,770.49
5338,912.303
5339,1126.36
5340,841.105
5341,948.384
5342,1015.18
5343,1224.87
5344,1205.98
5345,1055.84
5346,908.285
5347,1083.45
5348,972.378
5349,852.408
5350,802.55
5351,1446.74
5352,1248.09
5353,1315.43
5354,1586.27
5355,1345.44
5356,621.079
5357,951.66
5358,1084.61
5359,1114.27
5360,760.212
5361,686.416
5362,887.205
5363,726.233
5364,931.84
5365,1157.14
5366,1157.92
5367,957.623
5368,1245.63
5369,876.815
5370,1286.84
5371,1037.84
5372,1003.1
5373,1567.87
5374,1610.26
5375,911.884
5376,1264.18
5377,1328.22
5378,882.456
5379,1105.81
5380,1087.71
5381,918.671
5382,1263.09
5383,1002.07
5384,820.37
5385,1054.78
5386,767.021
5387,1077.97
5388,1162.65
5389,907.805
5390,1065.64
5391,991.381
5392,901.771
5393,1363.82
5394,1082.93
5395,1111.59
5396,910.136
5397,906.569
5398,1101.48
5399,818.287
5400,1165.63
5401,1145.28
5402,666.505
5403,951.519
5404,745.958
5405,869.407
5406,790.3
5407,893.882
5408,1099.62
5409,1198.75
5410,847.298
5411,1190.18
5412,1293.19
5413,1161.43
5414,835.416
5415,928.113
5416,1010.94
5417,1113.34
5418,905.117
5419,1510.6
5420,926.824
5421,1012.75
5422,925.693
5423,1215.27
5424,1198.93
5425,1136.31
5426,948.467
5427,923.838
5428,1116.53
5429,1155.41
5430,839.786
5431,1089.74
5432,1246.51
5433,918.385
5434,823.405
5435,544.47
5436,1243.52
5437,913.081
5438,945.436
5439,881.412
5440,1063.92
5441,1135.44
5442,1287.91
5443,1078.74
5444,992.929
5445,1151.15
5446,937.918
5447,1521
5448,1113.6
5449,1414.3
5450,954.774
5451,1003.77
5452,1089.02
5453,897.352
5454,1328.01
5455,1066.91
5456,939.376
5457,1160.04
5458,815.474
5459,1178.93
5460,1488.38
5461,1312.01
5462,1228.07
5463,803.048
5464,1022.51
5465,1059.5
5466,1278.96
5467,1235.3
5468,1093.02
5469,1054.82
5470,1273.52
5471,1636.28
5472,935.093
5473,1056.87
5474,1027.12
5475,771.649
5476,677.322
5477,1146.53
5478,958.956
5479,967.305
5480,1103.66
5481,980.068
5482,1250.57
5483,1306.7
5484,1138.76
5485,1027.74
5486,1147.22
5487,1486.99
5488,1013.73
5489,916.277
5490,629.214
5491,992.823
5492,921.753
5493,1671.98
5494,951.332
5495,908.168
5496,1084.91
5497,1121.8
5498,820.217
5499,879.556
5500,865.241
5501,912.273
5502,1128.07
5503,1260.66
5504,1039.22
5505,1103.07
5506,706.932
5507,1003.84
5508,758.841
5509,860.719
5510,1368.73
5511,1526.06
5512,1524.96
5513,1271.92
5514,1249.4
5515,1037.51
5516,1425.23
5517,1072.72
5518,988.859
5519,1116.93
5520,945.249
5521,1290.55
5522,713.504
5523,933.268
5524,984.21
5525,922.703
5526,712.471
5527,893.296
5528,766.155
5529,1494.94
5530,963.252
5531,558.502
5532,937.329
5533,1419.41
5534,756.866
5535,1274.27
5536,1428.9
5537,1102.76
5538,1015.78
5539,858.877
5540,1158.1
5541,1534.96
5542,1025.04
5543,1024.08
5544,938.817
5545,1095.24
5546,769.945
5547,909.531
5548,1166.09
5549,1071.52
5550,1181.88
5551,940.653
5552,1622.21
5553,1239.52
5554,841.912
5555,1243.03
5556,1413.87
5557,1327.61
5558,1219.3
5559,940.132
5560,832.089
5561,996.354
5562,667.628
5563,1094.74
5564,1076.47
5565,899.403
5566,1400.59
5567,850.628
5568,1042.38
5569,911.844
5570,1017.91
5571,974.151
5572,838.353
5573,996.148
5574,939.044
5575,894.288
5576,893.962
5577,1116.43
5578,926.778
5579,916.363
5580,1444.03
5581,1364.11
5582,1269.21
5583,1228.29
5584,775.4
5585,957.879
5586,1059.02
5587,1171.81
5588,1105.85
5589,650.674
5590,1198.5
5591,785.401
5592,997.745
5593,1000.6
5594,787.08
5595,1055.96
5596,1236.1
5597,1007.38
5598,826.695
5599,1146
5600,1163.12
5601,802.345
5602,1017.83
5603,787.638
5604,1065.04
5605,1068.16
5606,863.429
5607,1547.62
5608,1206.76
5609,968.723
5610,911.518
5611,790.616
5612,1347.12
5613,1107.12
5614,851.781
5615,1066.79
5616,1770.83
5617,813.564
5618,1204.03
5619,1057.48
5620,1358.97
5621,752.836
5622,1165.81
5623,1132.21
5624,880.344
5625,1097.54
5626,1076.74
5627,713.795
5628,1253.9
5629,874.354
5630,964.391
5631,778.451
5632,871.401
5633,1354.66
5634,1123.92
5635,736.193
5636,1132.83
5637,1233.35
5638,1117.02
5639,1153.59
5640,1022.27
5641,866.749
5642,836.087
5643,683.061
5644,1372.07
5645,811.128
5646,819.385
5647,1006.74
5648,970.999
5649,942.229
5650,1120.88
5651,817.703
5652,899.317
5653,906.872
5654,987.96
5655,784.943
5656,746.497
5657,1015.91
5658,899.555
5659,811.342
5660,1284.34
5661,1103.11
5662,1274.92
5663,1343.38
5664,1029.13
5665,1239.64
5666,1606.73
5667,998.914
5668,1364.56
5669,1232.58
5670,1490.92
5671,1214.7
5672,1076.19
5673,919.706
5674,880.839
5675,860.661
5676,1076.33
5677,858.685
5678,922.586
5679,871.956
5680,814.893
5681,811.516
5682,911.003
5683,1345.54
5684,726.756
5685,1253.89
5686,1220.36
5687,1147.96
5688,572.739
5689,1057.52
5690,892.582
5691,796.497
5692,1035.37
5693,1258.33
5694,862.79
5695,800.086
5696,1089.7
5697,1204.08
5698,1433.99
5699,1275.95
5700,915.654
5701,906.874
5702,1151.56
5703,1079.43
5704,1052.19
5705,872.154
5706,1018.09
5707,1421.06
5708,1072.39
5709,957.994
5710,1050.99
5711,1173.23
5712,892.34
5713,1306.44
5714,1610.88
5715,1076.84
5716,1579
5717,1045
5718,1290.95
5719,1014.25
5720,980.424
5721,1031.79
5722,983.211
5723,1192.26
5724,970.055
5725,805.303
5726,1191.4
5727,1057.94
5728,1255.96
5729,753.698
5730,947.302
5731,927.45
5732,918.377
5733,1045.01
5734,844.085
5735,1276.81
5736,808.776
5737,908.965
5738,983.341
5739,1138.92
5740,1325.23
5741,1163.91
5742,1006.92
5743,1057.06
5744,881.95
5745,821.484
5746,958.545
5747,883.228
5748,916.503
5749,1106.14
5750,890.041
5751,1096.35
5752,963.212
5753,1224.66
5754,979.966
5755,962.279
5756,967.17
5757,876.254
5758,1219.3
5759,842.737
5760,864.806
5761,906.481
5762,1358.52
5763,1427.57
5764,1204.98
5765,1067.05
5766,1224.06
5767,1050.09
5768,1057.69
5769,1199.07
5770,1239.12
5771,1435.75
5772,960.302
5773,1027.32
5774,1349.56
5775,1044.04
5776,929.329
5777,1216.22
5778,1255.35
5779,814.36
5780,1159.49
5781,764.779
5782,641.469
5783,1083.75
5784,1126.87
5785,1280.04
5786,878.288
5787,1106.08
5788,1056.52
5789,978.839
5790,1216.24
5791,1177.71
5792,1046.88
5793,830.73
5794,1135.55
5795,896.933
5796,993.671
5797,758.882
5798,759.838
5799,1161.73
5800,895.321
5801,1037.62
5802,972.255
5803,900.266
5804,938.441
5805,1157.74
5806,1424
5807,781.385
5808,1153.59
5809,874.796
5810,1305.13
5811,1662.92
5812,948.979
5813,994.294
5814,764.764
5815,1249
5816,803.261
5817,1031.49
5818,1171.61
5819,1222.17
5820,915.998
5821,907.442
5822,1009.79
5823,883.303
5824,792.903
5825,1062.36
5826,769.77
5827,1173.75
5828,1061.51
5829,1034.85
5830,1084.95
5831,840.685
5832,1230.32
5833,915.153
5834,1038.78
5835,1374.11
5836,820.159
5837,1101.35
5838,1355.86
5839,821.72
5840,1103.78
5841,1193.2
5842,1132.7
5843,697.055
5844,1119.38
5845,653.806
5846,1013.09
5847,1146.03
5848,1265.08
5849,1299.04
5850,904.535
5851,952.712
5852,996.987
5853,1266.82
5854,1140
5855,1242.83
5856,833.422
5857,796
5858,1106.7
5859,954.049
5860,1139.2
5861,856.599
5862,768.182
5863,1210.69
5864,793.523
5865,1100.71
5866,1177.65
5867,1297.9
5868,842.574
5869,923.712
5870,1211.06
5871,849.476
5872,974.209
5873,915.39
5874,725.005
5875,814.784
5876,1045.94
5877,1198.49
5878,816.714
5879,911.585
5880,834.388
5881,1380.39
5882,947.002
5883,773.686
5884,1169.02
5885,1107.01
5886,777.583
5887,905.836
5888,1233.65
5889,1108.67
5890,1097.45
5891,810.761
5892,1073.35
5893,991.115
5894,795.965
5895,1002.29
5896,645.21
5897,996.161
5898,1347.49
5899,1107.4
5900,1330.78
5901,729.093
5902,1240.79
5903,1372.15
5904,1345.41
5905,1013.11
5906,1004.96
5907,864.97
5908,992.406
5909,813.641
5910,946.057
5911,831.543
5912,982.526
5913,849.695
5914,1003.18
5915,1364.5
5916,823.438
5917,1097.91
5918,1030.11
5919,1189.96
5920,889.331
5921,918.466
5922,973.812
5923,710.246
5924,1084.14
5925,829.595
5926,1050.9
5927,1430.13
5928,1042.25
5929,1157.13
5930,821.318
5931,1023.78
5932,933.612
5933,1046.04
5934,1025.68
5935,752.233
5936,910.192
5937,1268.75
5938,929.941
5939,1406.65
5940,933.005
5941,843.731
5942,855.837
5943,1147.61
5944,1269.97
5945,1160.57
5946,1060.78
5947,1504.33
5948,859.872
5949,1052.43
5950,991.736
5951,1897.93
5952,752.676
5953,1266.83
5954,807.538
5955,1063.14
5956,818.884
5957,1195.3
5958,997.522
5959,1246.29
5960,1019.04
5961,1183.53
5962,1012.63
5963,859.692
5964,1296.71
5965,1075.53
5966,1135.84
5967,813.237
5968,933.411
5969,959.4
5970,1173.24
5971,821.543
5972,1113.84
5973,784.72
5974,841.28
5975,1254.58
5976,1290.99
5977,970.022
5978,1612.05
5979,963.014
5980,713.46
5981,683.707
5982,1244.05
5983,870.852
5984,1144.81
5985,977.338
5986,1053.34
5987,1092.02
5988,916.099
5989,1120.29
5990,1178.65
5991,1082.28
5992,1194.26
5993,1029.61
5994,1386.59
5995,1139.07
5996,1427.07
5997,1102.08
5998,821.638
5999,902.936
6000,1349.54
6001,697.933
6002,1233.54
6003,993.423
6004,1065.53
6005,877.007
6006,822.716
6007,1035.28
6008,900.779
6009,1013.73
6010,982.007
6011,729.742
6012,1107.65
6013,874.891
6014,917.775
6015,1326.37
6016,1096.77
6017,1081.77
6018,1123.74
6019,1079.36
6020,713.613
6021,1253.1
6022,857.856
6023,1448.71
6024,736.002
6025,832.7
6026,1017.9
6027,1140.65
6028,1290.12
6029,1146.77
6030,623.338
6031,1073.78
6032,1060.95
6033,1148.74
6034,1055.63
6035,1368.59
6036,773.728
6037,1021.61
6038,1265
6039,1453.56
6040,1048.74
6041,817.87
6042,861.623
6043,786.442
6044,788.565
6045,1110.01
6046,726.111
6047,1003.59
6048,1143.54
6049,954.188
6050,922.199
6051,1664.68
6052,1241.04
6053,948.685
6054,1284.83
6055,779.316
6056,1060.17
6057,880.332
6058,1046.16
6059,772.928
6060,1189.88
6061,883.483
6062,913.678
6063,1400.6
6064,1128
6065,1132.17
6066,985.397
6067,1370.31
6068,1540.87
6069,1561.91
6070,1232.53
6071,789.676
6072,1486.41
6073,1100
6074,1013.66
6075,1155.93
6076,911.996
6077,1020.16
6078,915.657
6079,1020.05
6080,859.294
6081,1193.38
6082,780.321
6083,1180.7
6084,1820.04
6085,956.808
6086,1035.86
6087,749.342
6088,1013.17
6089,848.858
6090,741.356
6091,914.97
6092,786.844
6093,1139.24
6094,916.688
6095,1253.06
6096,1448.13
6097,869.273
6098,897.847
6099,1014.5
6100,1282.76
6101,775.977
6102,916.048
6103,1019.8
6104,1159.56
6105,1184.05
6106,1083.72
6107,1007.39
6108,1149.47
6109,1088.57
6110,900.698
6111,953.667
6112,681.622
6113,1394.46
6114,1161.44
6115,1494.43
6116,1050.49
6117,921.219
6118,1020.88
6119,802.239
6120,808.612
6121,1270.75
6122,1162.82
6123,912.524
6124,1292.49
6125,1495.39
6126,717.166
6127,779.211
6128,1044.98
6129,1161.56
6130,1063.23
6131,928.203
6132,1213.4
6133,1346.47
6134,886.885
6135,915.082
6136,1042.51
6137,987.849
6138,920.815
6139,922.862
6140,1263.28
6141,983.545
6142,1084.07
6143,1170.49
6144,976.561
6145,880.518
6146,1014.88
6147,1075.5
6148,1318.23
6149,981.891
6150,999.808
6151,919.192
6152,1182.9
6153,1103.91
6154,1098.62
6155,1262.19
6156,820.763
6157,658.875
6158,780.04
6159,1340.2
6160,953.922
6161,1094.19
6162,793.807
6163,1331.01
6164,1293.13
6165,1025.88
6166,911.318
6167,941.185
6168,1283.96
6169,842.716
6170,1054.29
6171,728.597
6172,1020.34
6173,778.215
6174,1226.58
6175,1092.42
6176,919.227
6177,953.063
6178,1209.79
6179,1073.28
6180,608.034
6181,1104.3
6182,1161.72
6183,845.574
6184,633.956
6185,947.943
6186,1000.24
6187,957.566
6188,1027.48
6189,1154.88
6190,1135.42
6191,1203.63
6192,976.163
6193,1042.44
6194,921.557
6195,1099.63
6196,982.298
6197,1020.18
6198,832.265
6199,741.194
6200,1604.97
6201,1228.5
6202,1094.46
6203,1246.24
6204,1522.02
6205,794.917
6206,945.124
6207,1000.51
6208,978.498
6209,939.936
6210,1102.3
6211,769.975
6212,1205.22
6213,992.05
6214,1093.4
6215,1004.69
6216,594.958
6217,1310.52
6218,1285.61
6219,1096.4
6220,1115.07
6221,965.454
6222,1002.88
6223,1005.37
6224,1585.9
6225,956.337
6226,1260.12
6227,847.338
6228,1041.56
6229,949.839
6230,1089.34
6231,1275.31
6232,905.884
6233,1254.05
6234,719.291
6235,736.85
6236,897.338
6237,1159.06
6238,1148.99
6239,1418.17
6240,1063.86
6241,934.504
6242,1214.03
6243,1028.12
6244,1043.93
6245,964.366
6246,740.311
6247,765.668
6248,895.721
6249,798.87
6250,1006.75
6251,935.856
6252,1207.12
6253,1121.28
6254,909.661
6255,1031.46
6256,1057.28
6257,1325.46
6258,1061.97
6259,768.871
6260,1171.85
6261,1001.54
6262,969.919
6263,849.547
6264,1330.87
6265,1393.38
6266,1160.79
6267,1313.21
6268,1257.2
6269,967.421
6270,917.624
6271,1042.12
6272,1072.8
6273,819.8
6274,1359.57
6275,1142.39
6276,1155.08
6277,847.953
6278,886.632
6279,747.545
6280,981.27
6281,1249.48
6282,1126.22
6283,696.054
6284,1202
6285,1492.99
6286,1495.86
6287,1027.69
6288,894.511
6289,1039
6290,1068.78
6291,1050.64
6292,671.054
6293,1292.68
6294,1159.83
6295,1260.75
6296,960.262
6297,1342.7
6298,779.027
6299,1094.15
6300,988.286
6301,833.829
6302,861.852
6303,1040.95
6304,950.799
6305,1001.4
6306,1248.06
6307,1179.71
6308,645.858
6309,1137.47
6310,1068.57
6311,1001.56
6312,942.243
6313,974.687
6314,1127.36
6315,1023.58
6316,646.669
6317,975.675
6318,1490.95
6319,788.186
6320,1187.9
6321,852.131
6322,1109.78
6323,1023.43
6324,817.889
6325,781.773
6326,945.526
6327,1159.5
6328,1214.46
6329,738.977
6330,1094.56
6331,1467.46
6332,1317.41
6333,911.228
6334,915.931
6335,1035.17
6336,1175.77
6337,1021.24
6338,1021.09
6339,740.584
6340,1021.56
6341,948.149
6342,1087.44
6343,822.554
6344,1171.55
6345,1167.05
6346,1121.42
6347,1123.86
6348,1272.66
6349,962.92
6350,861.133
6351,977.307
6352,725.391
6353,1000.86
6354,1055.48
6355,1161.7
6356,854.194
6357,1112.64
6358,1329.42
6359,1294.1
6360,1090.61
6361,856.259
6362,1083.1
6363,1249.77
6364,1072.77
6365,1396.59
6366,882.655
6367,1434.25
6368,767.092
6369,1129.35
6370,938.051
6371,1378.85
6372,1126.22
6373,854.608
6374,1202.59
6375,784.052
6376,1114.01
6377,927.472
6378,1021.38
6379,1039.85
6380,1160.62
6381,790.991
6382,821.691
6383,1400.13
6384,755.421
6385,724.315
6386,821.429
6387,1254.81
6388,1272.82
6389,907.883
6390,1210.45
6391,633.149
6392,1005.99
6393,968.716
6394,844.569
6395,992.143
6396,1274.9
6397,746.559
6398,1330.11
6399,1316.41
6400,1338.49
6401,844.247
6402,1099.14
6403,921.394
6404,865.232
6405,977.085
6406,924.418
6407,760.875
6408,1322.01
6409,887.529
6410,1252.26
6411,1780.09
6412,755.489
6413,1264.12
6414,965.557
6415,619.669
6416,875.421
6417,1222.46
6418,1270.53
6419,944.38
6420,1140.52
6421,766.78
6422,1002.57
6423,837.031
6424,1109.3
6425,881.942
6426,960.633
6427,1167.98
6428,797.271
6429,1490.12
6430,1239.57
6431,1260.25
6432,1024.61
6433,722.097
6434,773.176
6435,1072.52
6436,846.65
6437,1272.07
6438,1195.36
6439,1096.5
6440,1367.54
6441,1299.97
6442,1020.8
6443,953.728
6444,1065.1
6445,1458.88
6446,852.921
6447,1568.98
6448,1079.11
6449,1053.24
6450,918.395
6451,1115.32
6452,931.695
6453,981.121
6454,768.626
6455,1214.2
6456,1171.14
6457,1087.39
6458,1162.28
6459,1129.01
6460,1015.9
6461,1081.11
6462,1132.4
6463,1106.55
6464,1247.28
6465,1205.97
6466,1443.92
6467,847.226
6468,884.189
6469,1047.53
6470,1102.66
6471,1161.04
6472,1054.72
6473,1091.24
6474,1012.07
6475,936.782
6476,1216.31
6477,1120.24
6478,1119.22
6479,1069.5
6480,1106.65
6481,1014.67
6482,850.465
6483,773.831
6484,1042.38
6485,834.164
6486,730.84
6487,1085.74
6488,1483.88
6489,767.734
6490,1063.8
6491,1024.17
6492,743.244
6493,1065.4
6494,847.817
6495,822.936
6496,1041.79
6497,741.446
6498,910.572
6499,1216.77
6500,980.089
6501,1119.73
6502,980.724
6503,840.348
6504,1012.16
6505,1126.74
6506,993.953
6507,1188.04
6508,1125.96
6509,636.277
6510,1305.99
6511,1158.65
6512,1119.51
6513,1054.17
6514,995.98
6515,1044.37
6516,781.498
6517,817.583
6518,1211.46
6519,863.268
6520,907.523
6521,1376.94
6522,1597.78
6523,987.988
6524,945.915
6525,1083.99
6526,980.979
6527,891.433
6528,1080.56
6529,851.552
6530,1501.98
6531,861.59
6532,669.381
6533,1077.3
6534,1059.29
6535,692.635
6536,1148.02
6537,1577.37
6538,997.787
6539,834.932
6540,793.234
6541,1090.91
6542,994.587
6543,996.341
6544,815.624
6545,932.99
6546,1317.69
6547,1041.16
6548,1352.32
6549,1293.67
6550,933.556
6551,1003.49
6552,956.107
6553,682.167
6554,920.653
6555,982.349
6556,1230.71
6557,1170.41
6558,1138.27
6559,1439.59
6560,970.083
6561,982.679
6562,757.552
6563,1058.44
6564,905.443
6565,923.255
6566,1070.68
6567,991.001
6568,932.467
6569,1085.91
6570,767.866
6571,1067.31
6572,1010.98
6573,1028.43
6574,1010.64
6575,763.137
6576,911.124
6577,780.915
6578,1246.26
6579,1061.03
6580,924.573
6581,1007.39
6582,871.994
6583,844.28
6584,961.76
6585,924.475
6586,1158.11
6587,988.109
6588,892.883
6589,1096.66
6590,761.572
6591,1221.55
6592,1461.35
6593,919.079
6594,676.861
6595,1174.64
6596,864.812
6597,1051.79
6598,878.983
6599,1023.84
6600,1148.86
6601,989.174
6602,1148.87
6603,1268.86
6604,1061.24
6605,1227.67
6606,863.84
6607,1009.8
6608,996.905
6609,931.832
6610,1053.16
6611,716.553
6612,1113.66
6613,1162.59
6614,1001.94
6615,1291.49
6616,945.969
6617,996.4
6618,949.032
6619,1416.91
6620,897.493
6621,720.181
6622,996.687
6623,1180.28
6624,1374.19
6625,1002.14
6626,1292.53
6627,1118.77
6628,1093.78
6629,1808.37
6630,995.749
6631,758.994
6632,1505.96
6633,1307.93
6634,968.228
6635,1115.07
6636,917.933
6637,982.546
6638,1122.79
6639,915.383
6640,1074.48
6641,873.05
6642,932.225
6643,1231.84
6644,1325.35
6645,969.171
6646,1087.81
6647,927.591
6648,1370.04
6649,1315.83
6650,1281.5
6651,852.249
6652,1326.34
6653,983.589
6654,923.378
6655,1095.46
6656,1168.21
6657,1003.3
6658,1281.77
6659,813.823
6660,938.546
6661,1075.83
6662,1083.15
6663,702.861
6664,1197.78
6665,934.144
6666,710.483
6667,983.079
6668,1126.96
6669,1178.41
6670,1148.82
6671,863.609
6672,1021.47
6673,1163.87
6674,747.424
6675,927.458
6676,1004.6
6677,557.297
6678,1151.99
6679,876.206
6680,798.593
6681,1135.78
6682,1612.6
6683,826.833
6684,1315.06
6685,1024.26
6686,952.288
6687,1493.14
6688,1272.5
6689,609.901
6690,1142.6
6691,1216.33
6692,976.051
6693,890.911
6694,1094
6695,708.169
6696,974.063
6697,1042.85
6698,916.59
6699,961.132
6700,1036.04
6701,1028.81
6702,960.121
6703,1031.33
6704,1176.01
6705,997.857
6706,1262.7
6707,1202.42
6708,894.306
6709,1110.34
6710,809.975
6711,1263.42
6712,1427.56
6713,876.647
6714,961.595
6715,843.608
6716,596.873
6717,1261.31
6718,866.588
6719,1197.15
6720,1111.23
6721,1139.09
6722,1028.47
6723,1443.39
6724,928.841
6725,992.477
6726,1202.5
6727,818.989
6728,843.608
6729,1032.5
6730,929.654
6731,991.552
6732,1038.95
6733,1151.5
6734,995.608
6735,1027.18
6736,987.71
6737,914.66
6738,812.751
6739,794.453
6740,1676
6741,1133.95
6742,823.446
6743,1461.5
6744,966.536
6745,1333.44
6746,1272.72
6747,754.284
6748,809.446
6749,953.301
6750,1143
6751,763.744
6752,834.3
6753,1010.08
6754,1199.88
6755,1044.64
6756,1012.68
6757,998.97
6758,891.998
6759,1189.13
6760,1480.72
6761,555.136
6762,773.08
6763,1064.74
6764,1542.95
6765,1248.58
6766,1106.05
6767,1655.14
6768,1256.33
6769,895.798
6770,1179.58
6771,992.049
6772,743.347
6773,1594.23
6774,1296.81
6775,1192.57
6776,1064.5
6777,1194.94
6778,889.321
6779,1027.57
6780,1214.64
6781,754.789
6782,1048.77
6783,1006.4
6784,708.472
6785,1081.37
6786,1004.75
6787,892.492
6788,1082.71
6789,982.713
6790,1150.91
6791,911.392
6792,985.455
6793,920.989
6794,1059.95
6795,1370.51
6796,914.812
6797,1015.54
6798,1390.88
6799,1100.39
6800,1382.97
6801,1072.3
6802,889.55
6803,865.6
6804,1239.05
6805,693.295
6806,947.795
6807,1369.47
6808,758.373
6809,828.768
6810,1076.89
6811,897.953
6812,1183.95
6813,1531.38
6814,982.99
6815,970.416
6816,1212.83
6817,687.339
6818,1093.42
6819,1666.97
6820,749.648
6821,1238.59
6822,1037.26
6823,1594.71
6824,1008.31
6825,1201.23
6826,1183.01
6827,1022.11
6828,1502.86
6829,1157.43
6830,1100.58
6831,1130.26
6832,929.185
6833,911.338
6834,814.227
6835,976.243
6836,820.558
6837,1508.99
6838,1103.73
6839,907.42
6840,824.856
6841,1087.2
6842,918.076
6843,1263.98
6844,1148.15
6845,792.777
6846,1188.17
6847,958.55
6848,1190.92
6849,1047.73
6850,1045.76
6851,1032.84
6852,1233.35
6853,751.028
6854,923.54
6855,1288.24
6856,1005.04
6857,1164.26
6858,1028.13
6859,1413.59
6860,1123.83
6861,907.126
6862,1232.03
6863,973.473
6864,766.38
6865,1452.97
6866,874.858
6867,783.651
6868,1171.79
6869,1401.51
6870,1073.28
6871,1179.04
6872,840.711
6873,951.981
6874,974.322
6875,1319.8
6876,1094.96
6877,1176.7
6878,923.875
6879,1069.19
6880,1299.58
6881,946.867
6882,970.958
6883,1018
6884,884.331
6885,1395.57
6886,874.964
6887,1520.02
6888,1324.59
6889,1352.8
6890,1396.41
6891,1108.57
6892,983.57
6893,882.71
6894,801.656
6895,1065.75
6896,1284.45
6897,869.582
6898,941.799
6899,947.731
6900,1057.42
6901,1173.15
6902,1716
6903,846.217
6904,1375.38
6905,1164.37
6906,1003.84
6907,865.914
6908,1107.6
6909,986.587
6910,939.103
6911,1195.24
6912,1348.89
6913,721.696
6914,792.992
6915,1470.14
6916,921.91
6917,1448.08
6918,969.299
6919,757.81
6920,952.29
6921,1124.16
6922,781.556
6923,1050.42
6924,1217.08
6925,724.799
6926,1013.97
6927,1002.01
6928,991.261
6929,1221.78
6930,1044.1
6931,1149.58
6932,1040.57
6933,939.185
6934,921.574
6935,1211.42
6936,1148.02
6937,814.009
6938,891.844
6939,1449.13
6940,1015.94
6941,938.58
6942,1515.41
6943,1052.79
6944,1189.97
6945,951.395
6946,1245.48
6947,973.695
6948,1146.06
6949,1106.51
6950,927.891
6951,1039.22
6952,1094.87
6953,825.254
6954,1037.16
6955,942.173
6956,1270.34
6957,870.454
6958,968.857
6959,918.468
6960,902.06
6961,937.249
6962,1059.91
6963,1251.54
6964,792.187
6965,1006.12
6966,1196.01
6967,974.291
6968,795.378
6969,896.707
6970,886.217
6971,945.297
6972,990.4
6973,1039.3
6974,1019.56
6975,1178.08
6976,1227.46
6977,1092.68
6978,587.465
6979,929.59
6980,942.262
6981,1048.74
6982,1108.27
6983,1305.88
6984,996.579
6985,1322.79
6986,1201.1
6987,950.565
6988,818.609
6989,1286.39
6990,641.074
6991,1384.58
6992,861.263
6993,1081.53
6994,1098.49
6995,1032.26
6996,1066.59
6997,935.952
6998,689.664
6999,1240.11
7000,872.436
7001,828.217
7002,1055.26
7003,896.809
7004,1141.95
7005,964.819
7006,625.166
7007,630.204
7008,1037.19
7009,948.298
7010,1096.79
7011,817.393
7012,1202.57
7013,835.713
7014,763.753
7015,942.875
7016,952.031
7017,701.039
7018,1040.44
7019,1133.84
7020,944.305
7021,1050.92
7022,1001.34
7023,776.181
7024,703.518
7025,856.592
7026,1349.14
7027,986.875
7028,1161.07
7029,878.411
7030,1514.77
7031,997.516
7032,954.313
7033,921.193
7034,744.055
7035,1269.35
7036,1106.9
7037,994.635
7038,1191.28
7039,1178.12
7040,1140.56
7041,1237.01
7042,1078.1
7043,1264.62
7044,1168.69
7045,1066.92
7046,1072.67
7047,1104.69
7048,928.92
7049,822.217
7050,1094.2
7051,1100.23
7052,1806.22
7053,1183.06
7054,1290.2
7055,1200.24
7056,1060.47
7057,910.745
7058,795.425
7059,1052.86
7060,1103.74
7061,969.201
7062,990.126
7063,1204.48
7064,982.674
7065,1510.71
7066,976.78
7067,735.804
7068,770.301
7069,1198.13
7070,1219.57
7071,923.567
7072,1198.15
7073,1080.22
7074,771.568
7075,989.538
7076,1246.56
7077,984.97
7078,914.632
7079,1104.76
7080,1085.26
7081,1221.95
7082,1532.04
7083,837.22
7084,782.987
7085,1062.59
7086,1175.85
7087,1151.35
7088,815.118
7089,931.149
7090,966.841
7091,1159.42
7092,949.624
7093,954.623
7094,2048.5
7095,841.433
7096,1011.24
7097,961.447
7098,805.698
7099,1442.82
7100,873.263
7101,858.284
7102,1416.05
7103,930.65
7104,1562.36
7105,808.949
7106,819.219
7107,983.093
7108,1100.22
7109,854.163
7110,1101.56
7111,1237.26
7112,957.857
7113,1109.16
7114,826.59
7115,1743.07
7116,898.961
7117,992.024
7118,1427.26
7119,761.811
7120,612.347
7121,830.592
7122,1329.9
7123,830.07
7124,955.48
7125,1471.3
7126,934.584
7127,1232.88
7128,1279.91
7129,1484.42
7130,998.785
7131,1014.16
7132,932.508
7133,1082.77
7134,1288.61
7135,1209.29
7136,994.284
7137,976.394
7138,1042.33
7139,802.275
7140,1040.91
7141,1196.82
7142,971.429
7143,1149.58
7144,927.428
7145,890.824
7146,920.571
7147,1047.55
7148,1482.06
7149,755.12
7150,1294.35
7151,1142.73
7152,995.346
7153,775.507
7154,1163.12
7155,1169.65
7156,1290.61
7157,1071.37
7158,855.113
7159,1157.59
7160,846.363
7161,1078.86
7162,1087.12
7163,1196.56
7164,905.705
7165,1064.51
7166,900.341
7167,824.74
7168,1179.32
7169,820.725
7170,777.969
7171,925.328
7172,727.124
7173,997.416
7174,1245.61
7175,806.497
7176,1133.18
7177,932.307
7178,920.841
7179,1169.94
7180,853.713
7181,902.491
7182,780.636
7183,968.705
7184,1209.99
7185,1055.43
7186,881.758
7187,1322.54
7188,951.314
7189,1450.18
7190,1131.61
7191,1196.73
7192,1455.14
7193,558.164
7194,843.305
7195,839.073
7196,912.983
7197,986.654
7198,823.425
7199,1549.26
7200,984.337
7201,806.641
7202,1014.47
7203,1152.63
7204,841.206
7205,966.788
7206,1107.88
7207,1042.62
7208,1121.35
7209,1105.32
7210,1077.77
7211,1000.61
7212,811.069
7213,1196.3
7214,961.257
7215,809.696
7216,1004.73
7217,1043.06
7218,1127.32
7219,1095.39
7220,1050
7221,1250.7
7222,1053.48
7223,1320.1
7224,1134.46
7225,894.616
7226,1252.75
7227,1572.57
7228,1133.41
7229,894.471
7230,795.035
7231,1092.12
7232,1048.24
7233,865.933
7234,1092.23
7235,1142.46
7236,1125.78
7237,888.116
7238,1059.49
7239,1108.45
7240,1122.99
7241,945.813
7242,1133.77
7243,829.365
7244,1040.46
7245,1154.96
7246,1518.93
7247,1203.28
7248,1225.67
7249,1082.07
7250,882.869
7251,1257.33
7252,851.339
7253,1087.86
7254,1187.56
7255,1238.99
7256,1160.56
7257,633.084
7258,1152.32
7259,796.271
7260,975.143
7261,1129.78
7262,1064.03
7263,748.611
7264,1362.05
7265,933.889
7266,928.361
7267,1266.95
7268,1202.25
7269,983.08
7270,1218.7
7271,1022.46
7272,1176.47
7273,944.032
7274,883.376
7275,1311.47
7276,931.9
7277,956.799
7278,1150.21
7279,626.022
7280,849.347
7281,1003.67
7282,1002.7
7283,883.466
7284,907.768
7285,1093.48
7286,774.051
7287,943.151
7288,952.78
7289,930.439
7290,1267.21
7291,1211.69
7292,1268.92
7293,957.805
7294,941.913
7295,997.08
7296,880.701
7297,933.576
7298,994.173
7299,927.731
7300,897.302
7301,1278.9
7302,697.019
7303,1096.19
7304,528.422
7305,994.894
7306,1198.35
7307,1044.2
7308,967.878
7309,1147.92
7310,1030.81
7311,1143.47
7312,1423.15
7313,864.549
7314,765.069
7315,904.066
7316,975.384
7317,1029.17
7318,845.314
7319,1093.26
7320,827.385
7321,875.611
7322,940.127
7323,706.176
7324,1323.29
7325,973.63
7326,908.747
7327,1023.77
7328,1029.63
7329,1096.08
7330,1088.67
7331,920.297
7332,1231.89
7333,926.121
7334,1428.87
7335,1014.3
7336,1271.46
7337,1143.78
7338,690.169
7339,991.284
7340,1015.64
7341,870.277
7342,1325.44
7343,907.162
7344,1185.22
7345,810.959
7346,1348.7
7347,1204.2
7348,1373.47
7349,1184.96
7350,1216.12
7351,1071.61
7352,921.035
7353,1179.02
7354,859.037
7355,1007.58
7356,1038.7
7357,1180.29
7358,1137.46
7359,1100.91
7360,1069.81
7361,1110.91
7362,1225.49
7363,1235.69
7364,1206.25
7365,1172.19
7366,1078.65
7367,916.811
7368,1094.42
7369,1066.09
7370,847.753
7371,1062.42
7372,1260.44
7373,1304.68
7374,1119.72
7375,1114.72
7376,1216.44
7377,1276.57
7378,922.787
7379,1279.3
7380,1572.67
7381,795.495
7382,821.634
7383,1113.75
7384,1046.84
7385,891.831
7386,1213.27
7387,1440.81
7388,1375.77
7389,1161.4
7390,755.043
7391,938.627
7392,1195.18
7393,886.832
7394,1105.76
7395,1059.79
7396,912.406
7397,1309.36
7398,743.335
7399,1202.35
7400,967.814
7401,1002.42
7402,967.151
7403,898.55
7404,872.689
7405,1018.47
7406,887.909
7407,993.79
7408,1237.18
7409,1301.22
7410,1657.66
7411,969.669
7412,820.192
7413,897.833
7414,1011.29
7415,953.001
7416,737.308
7417,896.029
7418,813.075
7419,1081.67
7420,712.877
7421,793.81
7422,848.048
7423,1214.01
7424,980.632
7425,652.561
7426,972.559
7427,983.543
7428,945.438
7429,1276.22
7430,920.692
7431,1470.77
7432,934.57
7433,1735.73
7434,759.735
7435,818.438
7436,911.185
7437,1118.64
7438,1788.53
7439,1137.75
7440,827.851
7441,1302.62
7442,1066.07
7443,1247.89
7444,1001.97
7445,1006.96
7446,1466.2
7447,1246.68
7448,692.124
7449,997.44
7450,1011.42
7451,1008.58
7452,1131.93
7453,847.002
7454,781.867
7455,1133.19
7456,751.375
7457,1038.57
7458,1245.91
7459,1187.57
7460,1975.9
7461,959.364
7462,731.824
7463,743.675
7464,1023.69
7465,1006.68
7466,1556.87
7467,1266.98
7468,1085.45
7469,743.951
7470,1277.67
7471,870.052
7472,914.984
7473,954.096
7474,968.165
7475,1091.86
7476,1404.03
7477,760.75
7478,1205.73
7479,890.187
7480,1489.05
7481,1102.04
7482,980.822
7483,1070.29
7484,864.883
7485,1310.21
7486,1276.83
7487,921.99
7488,1488.04
7489,787.535
7490,950.724
7491,927.82
7492,1006.06
7493,1402.69
7494,1507
7495,926.764
7496,1100.83
7497,1191.82
7498,1102.81
7499,895.013
7500,991.76
7501,688.775
7502,952.002
7503,1289.68
7504,1020.49
7505,1223.2
7506,939.297
7507,972.929
7508,1088.13
7509,841.615
7510,1282.12
7511,882.496
7512,809.332
7513,964.922
7514,1276.75
7515,858.58
7516,1037.04
7517,869.187
7518,1566.99
7519,1049.58
7520,1150.52
7521,1042.3
7522,928.873
7523,791.185
7524,791.747
7525,1215.67
7526,994.101
7527,1212.82
7528,1185.85
7529,1121.65
7530,774.013
7531,1093.48
7532,1329.3
7533,961.009
7534,1019.84
7535,1263.59
7536,921.129
7537,1092.61
7538,1192.95
7539,1008.15
7540,1104.51
7541,923.981
7542,896.399
7543,833.51
7544,1100.74
7545,805.22
7546,964.023
7547,1149.66
7548,1285.53
7549,843.017
7550,909.881
7551,1131.89
7552,1047.98
7553,1023.38
7554,1172.83
7555,1012.74
7556,830.942
7557,841.815
7558,1110.42
7559,923.254
7560,808.636
7561,1032.23
7562,1139.5
7563,1166.2
7564,669.2
7565,910.113
7566,1061
7567,1010.55
7568,1054.85
7569,1314.03
7570,1315.44
7571,2100.56
7572,934.918
7573,920.231
7574,877.648
7575,900.177
7576,1196.53
7577,690.946
7578,837.886
7579,1168.18
7580,1013.44
7581,881.879
7582,1089.84
7583,911.678
7584,1287.37
7585,1097.56
7586,831.901
7587,869.785
7588,1397.42
7589,1096.72
7590,914.496
7591,1208.12
7592,1038.39
7593,1000.2
7594,1203.09
7595,632.594
7596,773.364
7597,942.655
7598,1318.69
7599,935.198
7600,1352.47
7601,866.892
7602,816.705
7603,1106.91
7604,945.082
7605,828.769
7606,1160.5
7607,1061.23
7608,1042.93
7609,936.964
7610,759.04
7611,982.166
7612,1308.79
7613,986.814
7614,1080.6
7615,1025.9
7616,1011.26
7617,1366.61
7618,1091.53
7619,669.715
7620,1388.37
7621,957.246
7622,1165.58
7623,746.313
7624,1110.4
7625,815.236
7626,1149.27
7627,904.524
7628,1219.88
7629,1106.05
7630,1387.85
7631,1294.22
7632,874.532
7633,808.008
7634,822.954
7635,1066.75
7636,898.878
7637,1153.09
7638,1172.23
7639,1264.34
7640,1180.66
7641,651.344
7642,1332.89
7643,1079.72
7644,1103.24
7645,980.364
7646,975.577
7647,1044.24
7648,1104.2
7649,1099.21
7650,1542.83
7651,989.276
7652,1563.7
7653,1349.95
7654,884.941
7655,797.75
7656,1151.02
7657,1379.57
7658,1154.15
7659,893.804
7660,1040.29
7661,930.929
7662,963.332
7663,670.572
7664,895.988
7665,1301.56
7666,867.756
7667,999.359
7668,1043.55
7669,1104.82
7670,983.869
7671,1354.47
7672,1124.16
7673,662.183
7674,1221.83
7675,1232.39
7676,1416.32
7677,1215.28
7678,749.539
7679,717.459
7680,1114.34
7681,804.522
7682,956.487
7683,1540.03
7684,964.546
7685,1248.55
7686,1220.73
7687,1121.33
7688,577.311
7689,981.677
7690,645.339
7691,1083.5
7692,1062.52
7693,1302.57
7694,986.813
7695,916.212
7696,905.022
7697,1334.48
7698,1134.19
7699,1218.26
7700,1053.47
7701,1361.9
7702,1117.45
7703,1370.2
7704,1166.29
7705,1561.99
7706,1023.97
7707,932.681
7708,1207.3
7709,1046.93
7710,940.327
7711,1631.03
7712,867.162
7713,776.994
7714,961.118
7715,1098.81
7716,1320.92
7717,1184.15
7718,1503.4
7719,839.478
7720,672.559
7721,1325.15
7722,882.486
7723,1227.03
7724,810.901
7725,523.442
7726,737.667
7727,653.927
7728,996.628
7729,1191.64
7730,1271.86
7731,1077.28
7732,1119.02
7733,1049.41
7734,1082.33
7735,1445.56
7736,832.129
7737,772.061
7738,735.815
7739,1117.81
7740,877.981
7741,1223.96
7742,979.111
7743,1283.99
7744,1191.43
7745,917.388
7746,981.751
7747,943.83
7748,1322.07
7749,894.332
7750,1142.52
7751,997.696
7752,716.309
7753,1232.08
7754,1186.92
7755,1241.71
7756,1180.42
7757,1012.39
7758,1475.79
7759,1101.08
7760,948.029
7761,1022.67
7762,1123.54
7763,916.969
7764,890.416
7765,1151.38
7766,903.025
7767,995.59
7768,958.13
7769,991.712
7770,1367.52
7771,1059.71
7772,1287.13
7773,965.432
7774,1114.73
7775,995.666
7776,971.593
7777,971.358
7778,1150.78
7779,1081.4
7780,988.994
7781,783.886
7782,1075.36
7783,792.126
7784,1017.05
7785,1134.01
7786,1294.2
7787,737.48
7788,1530.17
7789,907.306
7790,982.302
7791,818.1
7792,1115.1
7793,825.869
7794,996.679
7795,771.569
7796,807.801
7797,745.256
7798,1990.74
7799,1128.48
7800,881.259
7801,1254.58
7802,625.235
7803,1279.59
7804,1326.15
7805,992.963
7806,1169.32
7807,1325.49
7808,1090.57
7809,1281.73
7810,795.388
7811,937.336
7812,1109.55
7813,1328.08
7814,1156.87
7815,1057.03
7816,919.932
7817,1091.13
7818,934.43
7819,905.363
7820,1095.74
7821,1243.07
7822,1212.48
7823,646.585
7824,957.523
7825,867.452
7826,845.5
7827,1273.05
7828,858.182
7829,927.022
7830,1569.12
7831,837.626
7832,1388.18
7833,929.561
7834,1009.24
7835,1075.42
7836,1513.29
7837,1451.05
7838,808.87
7839,934.057
7840,931.361
7841,744.966
7842,1197.61
7843,1206.15
7844,1092.2
7845,1161.88
7846,1149.53
7847,576.489
7848,917.066
7849,1224.12
7850,979.743
7851,1271.92
7852,865.877
7853,1079.58
7854,827.489
7855,1073.67
7856,947.597
7857,1067.67
7858,1319.44
7859,912.253
7860,786.42
7861,939.999
7862,1251.82
7863,1265.91
7864,1122.26
7865,757.433
7866,1055.73
7867,1021.41
7868,1223.38
7869,1191.94
7870,823.095
7871,1509.88
7872,1224.48
7873,798.739
7874,581.046
7875,1008.85
7876,1015.44
7877,1375.8
7878,1185.16
7879,1183.46
7880,1331.76
7881,1529.59
7882,1274.92
7883,907.207
7884,1143.27
7885,1205.07
7886,1010.89
7887,1423.59
7888,1223.41
7889,981.993
7890,1314.45
7891,1173.48
7892,1385.3
7893,1054.82
7894,1049.79
7895,1523.14
7896,1396.13
7897,1177.35
7898,1310.08
7899,736.35
7900,917.319
7901,777.443
7902,1189.43
7903,1422.17
7904,1060.23
7905,1003.9
7906,880.32
7907,1104.12
7908,1135.93
7909,1366.61
7910,1049.35
7911,904.848
7912,1754.55
7913,1040.52
7914,1475.74
7915,747.539
7916,1300.33
7917,1021.95
7918,1507.38
7919,1015.29
7920,898.019
7921,1580.66
7922,1026.04
7923,1380.86
7924,957.182
7925,905.222
7926,680.886
7927,1045.76
7928,856.736
7929,924.65
7930,991.368
7931,940.261
7932,709.49
7933,847.334
7934,545.198
7935,1306.37
7936,1430.59
7937,780.82
7938,989.042
7939,1160.43
7940,1396.75
7941,1052.61
7942,1116.34
7943,1134.07
7944,1193.07
7945,1538.6
7946,1067.11
7947,957.947
7948,1176.15
7949,1367.65
7950,809.94
7951,1315.35
7952,1040.37
7953,803.135
7954,936.505
7955,1213.36
7956,1075.98
7957,916.066
7958,1074.37
7959,788.166
7960,1246.6
7961,1177.49
7962,1163.87
7963,944.294
7964,876.392
7965,1759.93
7966,1096.45
7967,1253.52
7968,1049.41
7969,1177.78
7970,1390.29
7971,878.866
7972,959.67
7973,1019.3
7974,855.415
7975,1095.61
7976,1189.35
7977,1043.27
7978,962.858
7979,1166.52
7980,995.847
7981,895.902
7982,1044.38
7983,885.313
7984,678.452
7985,922.227
7986,1019.4
7987,972.953
7988,801.466
7989,852.376
7990,1039.93
7991,1151.16
7992,850.999
7993,1025.96
7994,905.851
7995,1227.91
7996,1187.35
7997,1278.36
7998,778.521
7999,984.047
8000,1052.1
8001,793.143
8002,764.155
8003,1184.09
8004,1347.78
8005,1095.32
8006,737.468
8007,911.517
8008,1024.28
8009,1273.08
8010,794.946
8011,923.167
8012,1390.05
8013,756.595
8014,931.525
8015,1208.05
8016,1282.43
8017,1078.91
8018,1095.95
8019,926.536
8020,894.976
8021,1210.96
8022,939.113
8023,762.963
8024,1078.29
8025,1076.31
8026,831.249
8027,1203.32
8028,627.634
8029,1252.25
8030,762.127
8031,1094.35
8032,1239.16
8033,1037.42
8034,1415.62
8035,737.997
8036,1417.3
8037,980.423
8038,888.157
8039,527.4
8040,959.289
8041,1009.95
8042,1011.15
8043,1076.15
8044,987.849
8045,1114
8046,935.18
8047,813.053
8048,1108.52
8049,693.757
8050,1395.54
8051,712.16
8052,932.695
8053,1234
8054,1124.64
8055,904.84
8056,902.923
8057,1317.75
8058,1748.28
8059,782.337
8060,1046.88
8061,1442.83
8062,938.225
8063,703.043
8064,1034.51
8065,864.306
8066,722.529
8067,777.683
8068,871.608
8069,933.62
8070,904.247
8071,980.601
8072,1425.17
8073,1237.06
8074,1318.59
8075,1163.6
8076,693.111
8077,1151.69
8078,1160.13
8079,996.018
8080,725.393
8081,1175.88
8082,911.551
8083,695.233
8084,997.278
8085,929.744
8086,859.003
8087,1637.11
8088,992.566
8089,1284.12
8090,882.55
8091,1058.07
8092,1005.02
8093,808.462
8094,1111.48
8095,668.825
8096,1154.95
8097,1184.49
8098,1121.93
8099,962.055
8100,1080.59
8101,1090.63
8102,894.79
8103,1118.03
8104,858.935
8105,947.336
8106,1427.79
8107,988.361
8108,1146.04
8109,817.702
8110,1072.58
8111,970.601
8112,931.452
8113,939.744
8114,847.591
8115,707.847
8116,859.06
8117,857.106
8118,1007.95
8119,866.83
8120,778.624
8121,1223.85
8122,1281.51
8123,941.949
8124,1021.75
8125,1016.94
8126,969.67
8127,1002.76
8128,853.144
8129,1296.03
8130,1197.45
8131,1209.35
8132,1331.04
8133,1191.42
8134,1251.73
8135,1014.86
8136,669.101
8137,914.593
8138,828.008
8139,1584.48
8140,775.278
8141,1099.47
8142,1023.15
8143,1066.45
8144,1192.67
8145,1117.67
8146,1067.06
8147,1025.79
8148,1666.56
8149,951.439
8150,830.36
8151,903.744
8152,1168.29
8153,1257.08
8154,1028.91
8155,955.135
8156,1167.25
8157,1137.17
8158,1039.07
8159,1191.82
8160,1068.72
8161,682.704
8162,988.107
8163,1204.82
8164,1102.4
8165,1360.38
8166,1334.63
8167,785.344
8168,1215.21
8169,914.278
8170,901.458
8171,1205.4
8172,1028.03
8173,1559
8174,866.241
8175,781.947
8176,747.143
8177,1210.17
8178,897.003
8179,1621.74
8180,1122.8
8181,848.852
8182,870.516
8183,1092.71
8184,1080.92
8185,996.141
8186,1264.34
8187,609.222
8188,760.237
8189,1114.52
8190,872.768
8191,1173.92
8192,1282.69
8193,1052.31
8194,1098.1
8195,946.16
8196,945.329
8197,1230.45
8198,1066.03
8199,632.526
8200,1007.19
8201,849.416
8202,879.423
8203,1132.53
8204,1172.24
8205,835.064
8206,1033.73
8207,977.064
8208,1331.15
8209,1196.98
8210,832.216
8211,794.106
8212,1164.44
8213,900.995
8214,930.849
8215,1070.58
8216,1178.13
8217,1167.99
8218,846.089
8219,1545.25
8220,1304.43
8221,1088.68
8222,1052.7
8223,1214.1
8224,1341.9
8225,778.753
8226,708.946
8227,1229.93
8228,876.471
8229,704.741
8230,1068.29
8231,725.093
8232,1016.22
8233,1533.36
8234,1013.09
8235,1195.11
8236,708.125
8237,1170.91
8238,905.646
8239,836.022
8240,963.715
8241,922.558
8242,1142.38
8243,859.221
8244,834.689
8245,1115.2
8246,1010.17
8247,1251.3
8248,649.078
8249,1162.62
8250,1123.13
8251,774.862
8252,1464.72
8253,1191.67
8254,1181.99
8255,1230.94
8256,1025.47
8257,941.401
8258,1322.52
8259,1120.9
8260,1217.16
8261,977.262
8262,926.745
8263,734.127
8264,942.693
8265,688.196
8266,1082.87
8267,1179.73
8268,987.838
8269,1041.59
8270,880.503
8271,1024.5
8272,1032.43
8273,1160.17
8274,1309.04
8275,859.102
8276,1339.3
8277,1241.58
8278,919.395
8279,1293.21
8280,1080.43
8281,1117.26
8282,1207.35
8283,794.756
8284,917.488
8285,929.026
8286,1153.48
8287,1207.39
8288,1015.33
8289,1222.46
8290,784.538
8291,1407.03
8292,666.282
8293,852.749
8294,950.287
8295,1012.69
8296,900.956
8297,1022.2
8298,1189.64
8299,1148.23
8300,1027.12
8301,916.38
8302,914.467
8303,713.557
8304,1227.45
8305,988.308
8306,886.165
8307,1026.16
8308,1306.44
8309,871.407
8310,1027.66
8311,684.976
8312,862.269
8313,1207.39
8314,1058.75
8315,1333.61
8316,1696.38
8317,1036.59
8318,1315.46
8319,791.601
8320,1078.09
8321,776.692
8322,860.127
8323,785.768
8324,1429.18
8325,867.098
8326,738.775
8327,761.671
8328,1002.4
8329,928.356
8330,981.064
8331,1110.71
8332,804.558
8333,1030.04
8334,948.38
8335,784.754
8336,907.743
8337,900.204
8338,1154.2
8339,1103.53
8340,1313.29
8341,1082.37
8342,1017.44
8343,1241.25
8344,1002.92
8345,1225.08
8346,1059.48
8347,978.978
8348,655.877
8349,938.307
8350,957.671
8351,1267.31
8352,1083.5
8353,1200.06
8354,1216.49
8355,1972
8356,691.418
8357,1502.05
8358,960.889
8359,1139
8360,1115.53
8361,848.625
8362,1184.38
8363,1762.92
8364,1010.56
8365,909.252
8366,927.949
8367,931.499
8368,779.459
8369,1035.63
8370,1024.1
8371,739.722
8372,1410.31
8373,1075.28
8374,793.975
8375,846.723
8376,1207.96
8377,1020.14
8378,1535.43
8379,1397.43
8380,1641.17
8381,1089.58
8382,1183.67
8383,1132.1
8384,870.146
8385,1173.47
8386,1014.71
8387,1199.21
8388,1204.6
8389,732.98
8390,1276.92
8391,771.864
8392,1359.99
8393,901.483
8394,1095.1
8395,1306.92
8396,941.533
8397,919.508
8398,854.707
8399,799.398
8400,1113.36
8401,776.573
8402,1096.76
8403,1288.63
8404,1046.43
8405,1134.37
8406,935.491
8407,921.484
8408,1297.25
8409,1223.68
8410,710.216
8411,1130.79
8412,1073.64
8413,1277.41
8414,1031.13
8415,1453.74
8416,897.705
8417,1751.48
8418,899.259
8419,1233.18
8420,949.676
8421,963.546
8422,1156.86
8423,710.133
8424,1099.69
8425,972.268
8426,1367.12
8427,1651.15
8428,1085.73
8429,1444.25
8430,1115.55
8431,1277.59
8432,1379.95
8433,1028.37
8434,626.088
8435,1200.54
8436,971.224
8437,1133.28
8438,1018.57
8439,1363.51
8440,851.416
8441,886.533
8442,964.654
8443,1207.31
8444,1314.62
8445,848.257
8446,975.884
8447,845.917
8448,1152.23
8449,1296.48
8450,1019.59
8451,877.031
8452,1092.86
8453,914.528
8454,1653.1
8455,993.28
8456,1237.92
8457,1018.7
8458,1053.77
8459,885.871
8460,1316.05
8461,838.432
8462,1184.29
8463,685.454
8464,1151.47
8465,1009.31
8466,954.405
8467,1179.85
8468,1193.64
8469,825.452
8470,1064.2
8471,851.909
8472,709.485
8473,920.577
8474,1038.39
8475,981.874
8476,1122.9
8477,1417.63
8478,1110.56
8479,1025.74
8480,1580.86
8481,866.142
8482,951.723
8483,1155.22
8484,953.039
8485,1216.25
8486,845.817
8487,985.712
8488,1339.07
8489,1024.31
8490,888.924
8491,972.102
8492,823.963
8493,990.071
8494,940.132
8495,971.494
8496,1056.96
8497,1466.41
8498,993.369
8499,965.902
8500,828.467
8501,966.186
8502,1046.6
8503,800.291
8504,960.047
8505,1098.48
8506,1284.9
8507,948.394
8508,951.582
8509,1196
8510,907.543
8511,980.447
8512,1019
8513,1107.19
8514,1081.5
8515,885.326
8516,741.729
8517,1065.55
8518,1073.66
8519,717.19
8520,1161.9
8521,1514.81
8522,1096.4
8523,832.057
8524,1049.27
8525,906.114
8526,1154.44
8527,911.099
8528,1147.67
8529,1116.16
8530,812.305
8531,830.679
8532,1015.75
8533,936.188
8534,1184.39
8535,1104.73
8536,1148.68
8537,705.236
8538,1328.97
8539,1030.11
8540,1418.28
8541,935.418
8542,874.038
8543,833.374
8544,1119.18
8545,1131.59
8546,1195.68
8547,1023.95
8548,1384.08
8549,1084.65
8550,746.18
8551,847.257
8552,1354.03
8553,855.886
8554,784.795
8555,894.586
8556,1083.1
8557,1731.04
8558,1307.52
8559,787.146
8560,1331.15
8561,1149.9
8562,927.571
8563,1170.5
8564,1065
8565,1020.64
8566,919.843
8567,717.333
8568,1013.82
8569,909.324
8570,1089.85
8571,760.306
8572,1482.16
8573,1363.23
8574,849.338
8575,942.528
8576,1237.16
8577,965.191
8578,1252.95
8579,1260.46
8580,884.674
8581,1090.06
8582,958.394
8583,1097.66
8584,975.24
8585,1161.04
8586,734.897
8587,825.164
8588,964.844
8589,922.454
8590,1054.55
8591,1023.47
8592,902.795
8593,1106.49
8594,890.873
8595,906.243
8596,1705.87
8597,944.917
8598,1113.85
8599,1171.45
8600,999.734
8601,962.877
8602,710.304
8603,1414.28
8604,1519.68
8605,964.43
8606,893.816
8607,708.565
8608,692.102
8609,855.847
8610,1287.7
8611,978.003
8612,1095.99
8613,1123.59
8614,1397.81
8615,966.885
8616,1013.31
8617,1166.95
8618,1022.6
8619,1215.15
8620,960.028
8621,949.97
8622,1148.23
8623,891.323
8624,1192.81
8625,1319.08
8626,1558.08
8627,786.457
8628,1238.78
8629,1276.73
8630,1336.95
8631,1372.85
8632,953.125
8633,1021.26
8634,1731.75
8635,1213.55
8636,1183.57
8637,1051.4
8638,898.64
8639,964.015
8640,1142.63
8641,1064.33
8642,1127.64
8643,996.699
8644,1161.29
8645,1059.44
8646,872.231
8647,1027.74
8648,765.35
8649,850.05
8650,840.798
8651,1308.49
8652,1140.55
8653,647.669
8654,1671.44
8655,1140.3
8656,945.454
8657,1048.48
8658,852.199
8659,783.402
8660,1103.37
8661,780.848
8662,1170.35
8663,1581.89
8664,784.358
8665,890.267
8666,1208.98
8667,917.523
8668,998.382
8669,1077.84
8670,826.602
8671,995.695
8672,1074.39
8673,1234.36
8674,720.752
8675,834.923
8676,1109.86
8677,984.194
8678,944.948
8679,869.7
8680,1153.99
8681,863.365
8682,1073.52
8683,790
8684,763.451
8685,1571.75
8686,1314.67
8687,1023.43
8688,939.245
8689,1008.74
8690,840.317
8691,859.148
8692,869.633
8693,865.404
8694,901.645
8695,1288.06
8696,851.84
8697,1250.35
8698,888.83
8699,1189.15
8700,664.394
8701,868.562
8702,947.265
8703,1090.56
8704,845.949
8705,907.348
8706,1088.9
8707,728.979
8708,1017.42
8709,948.082
8710,975.545
8711,1002.67
8712,934.971
8713,957.162
8714,846.212
8715,692.753
8716,1231.07
8717,861.417
8718,807.283
8719,574.803
8720,952.993
8721,796.552
8722,1718.61
8723,1007.98
8724,1225.86
8725,779.5
8726,905.681
8727,1171.92
8728,1001
8729,848.758
8730,1331.27
8731,1192.45
8732,860.619
8733,1454.46
8734,820.771
8735,1499.92
8736,1147.43
8737,892.584
8738,1000.74
8739,1025.53
8740,866.383
8741,897.277
8742,868.789
8743,1098.32
8744,1086.56
8745,832.5
8746,1164.7
8747,680.836
8748,649.871
8749,1097
8750,934.825
8751,1043.27
8752,927.198
8753,973.723
8754,816.192
8755,1015.21
8756,1128.76
8757,1109.95
8758,1350.19
8759,1091.06
8760,1412.86
8761,797.477
8762,1052.09
8763,1207.14
8764,794.175
8765,907.436
8766,892.029
8767,930.175
8768,996.024
8769,1271.54
8770,1190.89
8771,701.352
8772,1325.94
8773,896.719
8774,855.201
8775,1039.38
8776,1287.72
8777,1640.76
8778,1299.65
8779,752.226
8780,1231.57
8781,688.012
8782,1191.87
8783,1142.26
8784,1271.17
8785,1412.05
8786,978.79
8787,1229.2
8788,1140.02
8789,869.74
8790,1045.35
8791,1030.37
8792,948.826
8793,1043.84
8794,1019.38
8795,1003.31
8796,1259.36
8797,1042.66
8798,1016.32
8799,970.953
8800,837.517
8801,799.596
8802,848.666
8803,975.148
8804,1132.73
8805,1205.65
8806,1330.07
8807,1291.81
8808,1130.95
8809,862.788
8810,1295.09
8811,838.849
8812,1337.36
8813,976.868
8814,1053.83
8815,997.188
8816,878.575
8817,990.076
8818,1252.27
8819,805.896
8820,1077.53
8821,1748.55
8822,1105.47
8823,1075.77
8824,1237.48
8825,851.688
8826,893.933
8827,1089.44
8828,1279.87
8829,908.871
8830,825.113
8831,868.206
8832,1095.55
8833,987.685
8834,986.268
8835,1098.67
8836,954.92
8837,813.239
8838,1212.07
8839,1355.8
8840,726.581
8841,1432.47
8842,1285.1
8843,802.695
8844,865.807
8845,1157.09
8846,1210.88
8847,723.823
8848,1032.69
8849,1364.75
8850,993.719
8851,1497.11
8852,762.789
8853,710.61
8854,924.792
8855,641.6
8856,821.069
8857,1162.94
8858,647.225
8859,737.02
8860,1234.83
8861,883.934
8862,1061.11
8863,766.284
8864,802.369
8865,1059.83
8866,902.349
8867,1161.3
8868,889.702
8869,1069.59
8870,1360.42
8871,1059.27
8872,1233.77
8873,947.907
8874,1122.75
8875,1025.18
8876,1352.27
8877,750.931
8878,1252.25
8879,694.583
8880,661.552
8881,1117.32
8882,1006.18
8883,1001.16
8884,718.457
8885,1027.49
8886,592.759
8887,820.583
8888,1020.39
8889,1161.35
8890,730.606
8891,1304.55
8892,1151.93
8893,957.191
8894,1404.67
8895,882.702
8896,843.85
8897,804.603
8898,915.771
8899,1559.44
8900,1023.07
8901,1037.65
8902,788.786
8903,1022.35
8904,808.477
8905,1098.27
8906,779.224
8907,1026.02
8908,1213.59
8909,1302.87
8910,1115.66
8911,1163.03
8912,1043.06
8913,1439.05
8914,860.209
8915,1387.74
8916,1111.17
8917,941.897
8918,1202.49
8919,972.772
8920,806.5
8921,998.891
8922,764.46
8923,1519.73
8924,768.529
8925,1219.42
8926,1173.39
8927,1070.36
8928,891.218
8929,1750.46
8930,925.414
8931,1305.47
8932,873.155
8933,1224.47
8934,1011.68
8935,1162.01
8936,944.623
8937,693.428
8938,1020.08
8939,1392.45
8940,1204.01
8941,1685.63
8942,1211.72
8943,917.572
8944,1097.3
8945,1098.56
8946,938.074
8947,1066.31
8948,1589.99
8949,1054.53
8950,1239.55
8951,1039.54
8952,994.056
8953,883.762
8954,1091.42
8955,1262.01
8956,1004.01
8957,1477.95
8958,1064.14
8959,885.222
8960,1061.98
8961,981.954
8962,1006.95
8963,909.619
8964,752.733
8965,1196.33
8966,1033.13
8967,1037.88
8968,1231.71
8969,1242.14
8970,1113.69
8971,1027.53
8972,851.183
8973,884.135
8974,895.086
8975,1109.55
8976,1035.15
8977,768.292
8978,958.243
8979,1138.2
8980,788.993
8981,868.58
8982,1310.55
8983,1207.93
8984,976.029
8985,1175.01
8986,1157.29
8987,1062.99
8988,819.4
8989,646.242
8990,1004.53
8991,1152.69
8992,667.557
8993,1349.16
8994,1242.57
8995,902.183
8996,940.563
8997,1150.73
8998,1525.37
8999,871.542
9000,1035.26
9001,719.215
9002,939.483
9003,1142.99
9004,1043.97
9005,771.812
9006,922.134
9007,936.072
9008,1145.04
9009,1095.92
9010,1221.99
9011,1144.51
9012,1229.95
9013,851.354
9014,1221.41
9015,1303.8
9016,1099.98
9017,1026.4
9018,746.538
9019,1119.56
9020,1303.63
9021,785.987
9022,678.555
9023,850.222
9024,1006.38
9025,1095.96
9026,946.16
9027,861.653
9028,765.965
9029,901.135
9030,1189.34
9031,1456.37
9032,1552.52
9033,909.813
9034,839.147
9035,1064.24
9036,1104.49
9037,1064.66
9038,899.389
9039,1029.72
9040,892.299
9041,1151.52
9042,1084.64
9043,1029.18
9044,860.767
9045,1036.19
9046,1134.05
9047,837.53
9048,972.025
9049,1287.75
9050,1088.21
9051,1134.93
9052,962.572
9053,894.215
9054,864.861
9055,1033.57
9056,733.502
9057,1252.33
9058,782.743
9059,1085.78
9060,1241.52
9061,841.504
9062,707.198
9063,1028.28
9064,1245.07
9065,1155.15
9066,1169.56
9067,1354.54
9068,1154.56
9069,1360.66
9070,867.973
9071,1176.1
9072,972.818
9073,956.494
9074,930.7
9075,1233.65
9076,1246.11
9077,1055.61
9078,1161.85
9079,689.148
9080,1516.56
9081,1247.38
9082,720.234
9083,864.992
9084,1193.92
9085,858.668
9086,1048.14
9087,716.773
9088,1206.83
9089,712.496
9090,841.925
9091,544.282
9092,1102.9
9093,1157.85
9094,1078.13
9095,1145.13
9096,929.376
9097,976.753
9098,1169.95
9099,896.921
9100,1161.43
9101,940.649
9102,957.464
9103,1156.96
9104,865.132
9105,1322.96
9106,1119.87
9107,1093.63
9108,916.928
9109,651.036
9110,1304.2
9111,915.384
9112,1131.01
9113,893.181
9114,1072.99
9115,968.678
9116,1058.88
9117,948.679
9118,977.533
9119,904.622
9120,836.1
9121,1071.29
9122,1155.61
9123,1393.14
9124,1203.79
9125,1037.64
9126,998.362
9127,1222.95
9128,990.155
9129,1350.1
9130,1020.98
9131,1079.28
9132,837.164
9133,1016.97
9134,1141.33
9135,1255.84
9136,1175.76
9137,944.902
9138,1151.33
9139,680.53
9140,1329.52
9141,873.722
9142,833.034
9143,840.473
9144,1006.36
9145,869.245
9146,941.406
9147,1125.55
9148,1272.06
9149,1008.79
9150,1353.52
9151,1343.83
9152,1209.65
9153,1146.44
9154,701.869
9155,759.75
9156,1035.63
9157,1234.91
9158,1421.21
9159,849.037
9160,1157.78
9161,1105.38
9162,1147.16
9163,754.617
9164,880.631
9165,1087.61
9166,919.366
9167,1561.34
9168,934.375
9169,790.102
9170,991.292
9171,920.456
9172,786.599
9173,845.532
9174,1202.03
9175,998.819
9176,1133.34
9177,1009.19
9178,973.548
9179,1161.02
9180,1186.39
9181,947.438
9182,1072.46
9183,1020.15
9184,1119.76
9185,898.877
9186,1039.89
9187,1181
9188,1359.3
9189,908.854
9190,1196.97
9191,789.976
9192,838.515
9193,1065.7
9194,878.08
9195,757.464
9196,1033.82
9197,944.424
9198,1086.37
9199,1136.59
9200,939.453
9201,1080.65
9202,962.978
9203,1221.78
9204,1097.73
9205,1341.35
9206,1160.2
9207,892.56
9208,685.935
9209,626.571
9210,931.779
9211,1095.66
9212,1129.63
9213,1010.94
9214,713.451
9215,1398.62
9216,784.444
9217,1163.35
9218,1520.2
9219,1115.68
9220,1074.42
9221,1213.76
9222,896.349
9223,934.368
9224,1211.71
9225,986.242
9226,1338.77
9227,940.043
9228,948.784
9229,820.54
9230,560.886
9231,777.534
9232,1002.78
9233,855.151
9234,794.162
9235,1133.31
9236,983.784
9237,1053.48
9238,792.719
9239,1155.22
9240,751.924
9241,1183.59
9242,775.175
9243,966.37
9244,1038.96
9245,759.367
9246,1237.84
9247,1334.61
9248,987.42
9249,982.089
9250,1240.54
9251,1147.04
9252,1033.28
9253,1102.31
9254,1498.2
9255,1165.25
9256,1434.57
9257,1165.72
9258,1103.85
9259,1015.81
9260,777.613
9261,1190
9262,772.117
9263,954.303
9264,692.052
9265,898.403
9266,1250.63
9267,925.719
9268,1041.46
9269,1278.22
9270,1008.39
9271,1110.47
9272,1296.98
9273,968.459
9274,824.253
9275,1284.52
9276,918.938
9277,885.459
9278,1101.67
9279,987.156
9280,1464.82
9281,854.954
9282,1177.15
9283,849.971
9284,968.208
9285,1100.28
9286,1187.7
9287,720.616
9288,910.636
9289,1228.68
9290,1500.3
9291,521.225
9292,989.115
9293,1283.21
9294,1074.82
9295,862.032
9296,1046.3
9297,1446.39
9298,1120.97
9299,723.361
9300,1256.11
9301,902.284
9302,852.896
9303,1274.78
9304,796.37
9305,781.239
9306,898.584
9307,1398.26
9308,1206.82
9309,1120.66
9310,911.401
9311,1013.14
9312,946.995
9313,792.345
9314,1131.24
9315,1095.38
9316,1342.96
9317,1289.86
9318,1330.32
9319,686.533
9320,1123.76
9321,951.003
9322,1113.66
9323,1035.99
9324,1179.65
9325,927.738
9326,1204.12
9327,1040.27
9328,660.262
9329,831.118
9330,1091.21
9331,844.95
9332,976.588
9333,1042.39
9334,1346.51
9335,822.958
9336,864.79
9337,1351.87
9338,1007.1
9339,1054.52
9340,1227.98
9341,1386.42
9342,1080.91
9343,822.072
9344,1013.7
9345,1213.2
9346,1088.6
9347,838.033
9348,899.731
9349,720.206
9350,788.23
9351,1053.11
9352,1416.93
9353,1007.3
9354,1142.52
9355,896.173
9356,761.885
9357,848.097
9358,823.189
9359,863.688
9360,908.862
9361,1063
9362,1439.56
9363,1049.04
9364,1250.82
9365,832.976
9366,895.237
9367,1212.95
9368,1220.36
9369,1112.86
9370,698.348
9371,1017.13
9372,969.292
9373,1131.48
9374,1034.93
9375,1031.19
9376,799.048
9377,1288.19
9378,1011.43
9379,991.392
9380,1142.37
9381,974.966
9382,851.193
9383,1185.83
9384,1029.9
9385,1398.34
9386,831.695
9387,1123.54
9388,1051.16
9389,831.866
9390,931.559
9391,1202.22
9392,1241.61
9393,1207.84
9394,904.851
9395,882.865
9396,1016.69
9397,631.106
9398,1198.24
9399,860.782
9400,1035.08
9401,729.279
9402,959.926
9403,899.538
9404,1568.24
9405,1217.9
9406,890.724
9407,649.537
9408,908.893
9409,1017.78
9410,922.964
9411,1292.59
9412,1265.59
9413,1194.64
9414,956.943
9415,765.659
9416,1046.16
9417,1072.71
9418,785.956
9419,849.882
9420,1006.01
9421,1091.72
9422,997.619
9423,992.899
9424,787.824
9425,992.596
9426,1224.54
9427,926.325
9428,1076.76
9429,1161.46
9430,1034.34
9431,942.832
9432,1161.32
9433,1223.33
9434,855.303
9435,1228.68
9436,1096.08
9437,944.779
9438,1136.66
9439,608.888
9440,1391.21
9441,903.093
9442,1188.42
9443,1018.72
9444,765.613
9445,1085.32
9446,876.381
9447,1206.91
9448,1332.58
9449,752.676
9450,1068.08
9451,962.603
9452,864.449
9453,1302.15
9454,716.257
9455,605.674
9456,981.665
9457,1335.41
9458,935.675
9459,1155.24
9460,1348.04
9461,1014.04
9462,913.88
9463,906.961
9464,798.997
9465,845.292
9466,1089.88
9467,878.527
9468,1289.05
9469,713.198
9470,1068.17
9471,1193.86
9472,1073.62
9473,846.822
9474,684.125
9475,1232.95
9476,796.924
9477,1159.61
9478,897.879
9479,941.392
9480,1610.85
9481,1040.81
9482,1240.31
9483,801.303
9484,790.835
9485,1079.67
9486,845.572
9487,949.114
9488,989.178
9489,1300.72
9490,924.139
9491,1028.98
9492,827.079
9493,1029.81
9494,1022.76
9495,1395.3
9496,743.328
9497,919.808
9498,1067.12
9499,939.65
9500,1060.58
9501,1196.53
9502,798.734
9503,1101.63
9504,1520.08
9505,845.465
9506,1437.31
9507,884.621
9508,1327.66
9509,759.748
9510,1013.51
9511,861.417
9512,869.523
9513,985.114
9514,1002.36
9515,1472.32
9516,1304.4
9517,1123.66
9518,1445.57
9519,1292.68
9520,906.371
9521,753.915
9522,1028.86
9523,792.708
9524,1192.5
9525,1210.53
9526,978.214
9527,944.156
9528,1256.06
9529,971.605
9530,1260.29
9531,1471.34
9532,1883.15
9533,870.829
9534,1128.13
9535,944.963
9536,1038.34
9537,1167.81
9538,1137.45
9539,1257.36
9540,1064.89
9541,743.591
9542,1299.44
9543,928.908
9544,1023.81
9545,1627.68
9546,876.982
9547,946.544
9548,958.161
9549,718.548
9550,1208.24
9551,867.553
9552,842.265
9553,841.195
9554,1085.93
9555,843.616
9556,912.122
9557,1412.59
9558,1207.43
9559,1502.42
9560,908.42
9561,1099.76
9562,1361.26
9563,1080.5
9564,1163.23
9565,1242.54
9566,1551.46
9567,1171.75
9568,1229.67
9569,727.782
9570,931.656
9571,1409.19
9572,1090.29
9573,985.031
9574,1185.71
9575,1051.02
9576,1266.51
9577,1261.95
9578,1292.23
9579,1266.25
9580,1158.96
9581,1480.89
9582,958.109
9583,871.654
9584,750.218
9585,1191.71
9586,683.484
9587,834.847
9588,1357.85
9589,1215.58
9590,1089.15
9591,977.991
9592,1182.84
9593,940.046
9594,955.977
9595,1297.3
9596,1129.03
9597,951.878
9598,938.781
9599,1366.52
9600,927.776
9601,965.027
9602,1095.43
9603,888.139
9604,1362.52
9605,1215.6
9606,999.307
9607,873.35
9608,1142.55
9609,1145.07
9610,915.922
9611,832.265
9612,1188.14
9613,1222.64
9614,1119.7
9615,1135.77
9616,1195.49
9617,1051.15
9618,872.331
9619,753.187
9620,1448.14
9621,1465.54
9622,1173.45
9623,946.68
9624,977.57
9625,1282.92
9626,1377.17
9627,655.596
9628,1223.34
9629,1189.24
9630,857.527
9631,1088.64
9632,934.776
9633,1272.73
9634,1444.84
9635,1543.91
9636,943.084
9637,896.676
9638,841.469
9639,714.739
9640,1193.16
9641,953.033
9642,1557.12
9643,968.955
9644,634.168
9645,1006.92
9646,832.38
9647,1260.31
9648,1113.73
9649,1249.54
9650,882.807
9651,966.836
9652,979.493
9653,999.413
9654,1393.02
9655,1285.14
9656,1284.46
9657,1075.31
9658,961.958
9659,1067.65
9660,1093.61
9661,1399.23
9662,928.112
9663,1310.7
9664,856.982
9665,908.315
9666,1537.32
9667,669.425
9668,1319.41
9669,1368.12
9670,1220.67
9671,1371.51
9672,816.863
9673,1501.82
9674,949.567
9675,998.997
9676,950.083
9677,1106.23
9678,1036.47
9679,996.204
9680,812.223
9681,1253.22
9682,1304.59
9683,827.161
9684,925.609
9685,855.441
9686,863.22
9687,956.742
9688,1040.8
9689,1311.82
9690,816.615
9691,886.671
9692,1303.23
9693,1153.53
9694,1170.75
9695,1362.82
9696,1034.27
9697,1211.89
9698,1205.16
9699,735.494
9700,812.971
9701,970.043
9702,935.798
9703,792.318
9704,966.428
9705,1269.99
9706,947.965
9707,1258.54
9708,1180.23
9709,988.823
9710,849.923
9711,1365.53
9712,1246.14
9713,905.72
9714,961.963
9715,903.073
9716,1259.2
9717,1223.22
9718,1203.3
9719,1185.74
9720,808.908
9721,1030.68
9722,1136.97
9723,965.02
9724,1105.99
9725,939.655
9726,850.185
9727,1313.22
9728,1031.68
9729,970.566
9730,837.472
9731,847.649
9732,1025.5
9733,935.32
9734,985.317
9735,768.039
9736,977.571
9737,1349.6
9738,1333.1
9739,1494.33
9740,1189.41
9741,946.498
9742,1109.24
9743,1129.74
9744,1270.37
9745,1254.72
9746,1439.58
9747,855.906
9748,1075.02
9749,849.003
9750,995.05
9751,1039.88
9752,697.632
9753,904.188
9754,1002.15
9755,877.247
9756,1068.92
9757,964.808
9758,947.647
9759,819.639
9760,830.462
9761,1056.9
9762,1015
9763,1084.57
9764,792.026
9765,826.5
9766,1501.95
9767,1154.99
9768,1178.64
9769,1007.63
9770,708.142
9771,1019.76
9772,721.807
9773,1131.64
9774,837.369
9775,1262.38
9776,973.751
9777,1019.3
9778,1395.4
9779,1027.08
9780,1033.52
9781,894.713
9782,932.921
9783,1136.68
9784,1044.11
9785,1130.45
9786,1082.77
9787,888.693
9788,1363.96
9789,863.174
9790,1166.39
9791,775.274
9792,1488.63
9793,1600.62
9794,1005.44
9795,866.623
9796,1505.48
9797,1068.16
9798,790.331
9799,1044.48
9800,1109.81
9801,816.909
9802,979.104
9803,1432.09
9804,896.851
9805,825.035
9806,919.813
9807,1444.76
9808,1335.62
9809,1048.46
9810,1096.49
9811,890.039
9812,1129.8
9813,1769.13
9814,842.031
9815,759.498
9816,1481.48
9817,1375.27
9818,1254.41
9819,1340.98
9820,1460.79
9821,1312.87
9822,1055.52
9823,1132.45
9824,973.377
9825,1240.61
9826,778.968
9827,1119.82
9828,902.109
9829,664.297
9830,942.276
9831,1039.17
9832,1030.11
9833,1063.23
9834,1202.36
9835,998.645
9836,1185.05
9837,951.611
9838,929.833
9839,768.396
9840,1404.58
9841,1258.11
9842,766.003
9843,685.836
9844,963.995
9845,1374.9
9846,1493.01
9847,1140.16
9848,1045.52
9849,1113.02
9850,1012.18
9851,887.535
9852,889.828
9853,881.658
9854,886.502
9855,1341.02
9856,821.124
9857,1222.6
9858,669.775
9859,755.488
9860,1277.33
9861,1023.15
9862,736.165
9863,1245.52
9864,960.272
9865,1103.77
9866,800.317
9867,1262.75
9868,912.68
9869,989.111
9870,1070.83
9871,907.453
9872,1068.89
9873,965.994
9874,888.327
9875,941.611
9876,983.343
9877,1039.55
9878,1057.64
9879,1164.73
9880,776.468
9881,1051.06
9882,1632.69
9883,1163.92
9884,864.983
9885,673.822
9886,1001.68
9887,820.561
9888,1229.33
9889,795.28
9890,995.593
9891,930.942
9892,1175.76
9893,1475.16
9894,1320.89
9895,988.954
9896,1181.97
9897,956.14
9898,875.181
9899,1188.17
9900,1038.23
9901,1216.96
9902,1282.36
9903,815.525
9904,1182.26
9905,834.731
9906,904.614
9907,1377.79
9908,1174.28
9909,1249.97
9910,864.732
9911,876.343
9912,778.22
9913,1063.98
9914,1322.09
9915,941.375
9916,977.782
9917,1390.04
9918,1097.06
9919,934.055
9920,1173.66
9921,937.069
9922,1206.53
9923,1354.74
9924,962.286
9925,824.971
9926,981.054
9927,1521.26
9928,1307.87
9929,713.393
9930,922.926
9931,764.012
9932,947.595
9933,1049.32
9934,1020.62
9935,1175.62
9936,1022.38
9937,1199.22
9938,1840.73
9939,834.389
9940,1057.65
9941,851.324
9942,934.844
9943,955.85
9944,1128.96
9945,908.382
9946,1183.35
9947,1298
9948,1183.8
9949,695.142
9950,675.432
9951,953.596
9952,1045.06
9953,839.284
9954,880.287
9955,1178.81
9956,914.277
9957,935.844
9958,786.21
9959,1420.79
9960,956.045
9961,753.78
9962,894.508
9963,1170.34
9964,1146.94
9965,1224.17
9966,967.148
9967,1000.84
9968,1467.76
9969,946.398
9970,1133.98
9971,878.335
9972,1107.42
9973,1054.02
9974,853.52
9975,888.388
9976,853.293
9977,1053.95
9978,793.235
9979,1115.4
9980,963.349
9981,977.064
9982,1230.88
9983,925.112
9984,823.704
9985,933.606
9986,978.236
9987,1260.05
9988,844.087
9989,881.119
9990,1144.59
9991,1161.68
9992,861.4
9993,1408.8
9994,1311.72
9995,973.513
9996,929.735
9997,1742.25
9998,1115.32
9999,1103.4
